Timestamp,"Chaperones/Point of Contact: Have you registered on Eventbrite?
Register HERE

School Groups: Chaperones for school trips MUST register via Eventbrite & indicate in the ""Company"" field: ""Chaperone for [x] school trip"" 

Other Groups: Point of Contact for your group trip MUST register via Eventbrite & indicate in the ""Company"" field: ""Point of Contact for [x] organization's group trip""",School name/group name,How many students will be attending with your group?,"Please list all group members/students (not including chaperones/point of contact) attending with your group and include their First Name and Last Name.

Example:
John Smith
Katy Cooper
Brooke Johnson
Evan Small",How old are the students that will be attending with your group? (Age range is acceptable),Please list names of Chaperone(s)/Point of Contact for your group (MUST be over 18):,Chaperone/Point of Contact cell phone number(s):,What time will your group arrive?,What time will your group leave?,How many chaperones will be attending with your group?,"School State (Please abbreviate, example: NJ for New Jersey)",Ambassador Point of Contact
3/17/2025 11:09:23,Yes,Passaic County Technical Institute,50,"Mohammad Basuf, Brianna Bellome, Shenya Beltran Morales, Adrian Benjumea, Arturo Beristain-Delgado, Anthony D'Agostino, Christian Fernandes, Emely Ferreras-Antigua, Athena Galindo, Jordany German, Liz Geronimo, Nancy Guillermo, Miguel Gutierrez, Margaret Heerema, Julianna Hunter, Sadika Hussain, Ayden Irizarry, David Jackson, Jennarae Joyner, Ibtihaz Kamal, Lara Mathew, Jenna Mazokh, Gianna McCloskey, Rosalin Mendez, Aiden Meza, Yahaira Meza, Eileen Morales, Thamima Parvin, Amayiah Pena, Janiyah Penalize, Janna Perez, Yeraldin Pierret-Duran, Stephanie Pluma, Allison Quinteros, Diya Rana, Amber Rivera, Viktoriia Salakhova, Angely Sanchez, Yaslin Sanchez, Mia Sarita, Sydney Scilingo, Amyah Scott, Mauricio Segura, Rihanah Uddin, Valentina Uran, Angelina Vazquez, Stephanie Ventura, Martha Wesolowski, Nathan Yansen",17-18,Hajar Lakhouili and Rolando Watley,2013038573,10:00:00 AM,1:00:00 PM,2,NJ,Breqlyne Johnson
3/17/2025 11:39:39,Yes,Passaic County Technical Institute,52,"Abolaban, Maya
Aquino, Marielys
Choudhury, Shakil
Clark, Kaylah
Dominguez, Ashaly
Donald, Amiyah
Fernandez, Arianna
Flores, Emily
Gilligan, Jack
Gonzalez, Xochilt
Granda, Arianna
Harb, Ehab
Hernandez Ramirez, Alejandra
Khan, Sara
Khrupalo, Hrystyna
Lalla, Jordyn
Mansfield, Sean
Michel, Mary
Pena, Melissa
Perrotta, Zachary
Smith, Samara
Then, Dymauri
Trujillo, Camila
Vazquez, Janielys
Whartnaby, Tyler
Williams, Amber
Almonte, Austry
Bozkurt, Samantha
Candelaria, Natalie
Carrasquilla, Emily
Contreras, Briana
Cruz, Xenia
Cuesta, Jonathan
Delgado, Brandon
Devy, Cassandra
Diez Canseco, Lucciana
Hincapie, Nataly
Jerez, Alfreisy
Kang, Gloria
Mclean Abdullah, Jahzara
Mendez, Daniel
Olave, Arianna
Pena, Nicole
Rodriguez Challenger, Shayla
Romero-Navarro, Lizbeth
Sanchez, Yandraly
Shara, Arsha
Stilianessis, Nicholas
Torres, Mariangel
West, Treffina
Wiliams-Valentin, Leyla
Yepes, Isabella",16-17,"Taylor Michel 862-248-7932
",Stacey Pinto 551-243-4426,9:30:00 AM,1:00:00 PM,2,NJ,Breqlyne Johnson