Date,Name,Attendees,Orders
2025-03-21,"US-MD",1,1
2025-03-21,"US-NY",4,4
2025-03-21,"US-PA",1,1
2025-03-21,"Unknown",1,1
2025-03-20,"US-DC",1,1
2025-03-20,"US-IL",1,1
2025-03-20,"US-NJ",1,1
2025-03-20,"US-NY",15,15
2025-03-20,"US-PA",1,1
2025-03-20,"US-TX",1,1
2025-03-19,"NG-FC",1,1
2025-03-19,"US-DC",2,2
2025-03-19,"US-NJ",1,1
2025-03-19,"US-NY",8,8
2025-03-19,"US-TX",2,2
2025-03-18,"PH-TAR",1,1
2025-03-18,"US-MD",1,1
2025-03-18,"US-NJ",1,1
2025-03-18,"US-NY",11,11
2025-03-17,"PH-CAG",1,1
2025-03-17,"PH-PAM",1,1
2025-03-17,"US-CA",1,1
2025-03-17,"US-CT",1,1
2025-03-17,"US-FL",1,1
2025-03-17,"US-MD",1,1
2025-03-17,"US-NJ",5,5
2025-03-17,"US-NY",6,6
2025-03-16,"US-CA",1,1
2025-03-16,"US-DC",1,1
2025-03-16,"US-FL",1,1
2025-03-16,"US-NJ",2,2
2025-03-16,"US-NY",2,2
2025-03-16,"US-PA",1,1
2025-03-15,"US-NC",1,1
2025-03-15,"US-NY",6,6
2025-03-14,"NG-LA",1,1
2025-03-14,"US-CA",1,1
2025-03-14,"US-CT",1,1
2025-03-14,"US-DC",1,1
2025-03-14,"US-MD",1,1
2025-03-14,"US-NJ",3,3
2025-03-14,"US-NY",6,6
2025-03-14,"US-TX",1,1
2025-03-13,"US-CA",1,1
2025-03-13,"US-CT",1,1
2025-03-13,"US-DE",2,2
2025-03-13,"US-FL",1,1
2025-03-13,"US-MA",1,1
2025-03-13,"US-NJ",4,4
2025-03-13,"US-NY",10,10
2025-03-13,"US-PA",1,1
2025-03-13,"US-TX",1,1
2025-03-13,"US-WI",2,2
2025-03-12,"US-CA",2,2
2025-03-12,"US-CT",1,1
2025-03-12,"US-MD",3,3
2025-03-12,"US-NC",1,1
2025-03-12,"US-NJ",5,5
2025-03-12,"US-NY",17,17
2025-03-12,"US-TN",1,1
2025-03-11,"KR-41",1,1
2025-03-11,"US-CA",1,1
2025-03-11,"US-MA",1,1
2025-03-11,"US-MO",1,1
2025-03-11,"US-NJ",3,3
2025-03-11,"US-NY",11,11
2025-03-11,"US-PA",1,1
2025-03-11,"US-RI",1,1
2025-03-11,"US-VA",1,1
2025-03-10,"US-AL",1,1
2025-03-10,"US-FL",1,1
2025-03-10,"US-MA",3,3
2025-03-10,"US-NJ",9,9
2025-03-10,"US-NY",34,34
2025-03-10,"US-VA",1,1
2025-03-09,"US-DE",1,1
2025-03-09,"US-NJ",2,2
2025-03-09,"US-NY",15,15
2025-03-09,"US-OH",1,1
2025-03-09,"US-PA",4,4
2025-03-09,"Unknown",1,1
2025-03-08,"NI-MS",1,1
2025-03-08,"US-CA",1,1
2025-03-08,"US-CT",1,1
2025-03-08,"US-FL",1,1
2025-03-08,"US-GA",2,2
2025-03-08,"US-NJ",5,5
2025-03-08,"US-NY",30,30
2025-03-07,"TT-TUP",1,1
2025-03-07,"US-CA",2,2
2025-03-07,"US-DC",4,4
2025-03-07,"US-DE",2,2
2025-03-07,"US-FL",1,1
2025-03-07,"US-IL",2,2
2025-03-07,"US-LA",1,1
2025-03-07,"US-MA",2,2
2025-03-07,"US-MD",4,4
2025-03-07,"US-NJ",11,11
2025-03-07,"US-NY",64,64
2025-03-07,"US-OH",2,2
2025-03-07,"US-PA",9,9
2025-03-07,"US-TX",4,4
2025-03-07,"US-VA",2,2
2025-03-06,"US-CA",1,1
2025-03-06,"US-DC",1,1
2025-03-06,"US-IL",1,1
2025-03-06,"US-LA",1,1
2025-03-06,"US-MA",1,1
2025-03-06,"US-MD",1,1
2025-03-06,"US-MI",1,1
2025-03-06,"US-NJ",4,4
2025-03-06,"US-NY",27,27
2025-03-06,"US-TX",1,1
2025-03-06,"US-WI",2,2
2025-03-06,"Unknown",1,1
2025-03-05,"US-CA",1,1
2025-03-05,"US-CT",4,4
2025-03-05,"US-FL",2,2
2025-03-05,"US-GA",2,2
2025-03-05,"US-IN",1,1
2025-03-05,"US-KS",1,1
2025-03-05,"US-MA",2,2
2025-03-05,"US-NJ",6,6
2025-03-05,"US-NV",1,1
2025-03-05,"US-NY",85,85
2025-03-05,"US-PA",7,7
2025-03-05,"US-TX",1,1
2025-03-05,"US-UT",1,1
2025-03-05,"US-VA",1,1
2025-03-04,"BB-08",1,1
2025-03-04,"US-AL",1,1
2025-03-04,"US-AZ",1,1
2025-03-04,"US-CA",4,4
2025-03-04,"US-CT",6,6
2025-03-04,"US-DC",3,3
2025-03-04,"US-DE",3,3
2025-03-04,"US-FL",2,2
2025-03-04,"US-GA",3,3
2025-03-04,"US-IL",3,3
2025-03-04,"US-MA",2,2
2025-03-04,"US-MD",9,9
2025-03-04,"US-MI",2,2
2025-03-04,"US-NJ",30,30
2025-03-04,"US-NY",159,159
2025-03-04,"US-PA",11,11
2025-03-04,"US-TX",2,2
2025-03-04,"US-UT",1,1
2025-03-04,"US-VA",1,1
2025-03-04,"US-WI",1,1
2025-03-04,"Unknown",1,1
2025-03-03,"AU-NSW",1,1
2025-03-03,"CA-ON",1,1
2025-03-03,"CA-QC",1,1
2025-03-03,"CH-ZH",1,1
2025-03-03,"MX-ROO",1,1
2025-03-03,"NL-ZH",1,1
2025-03-03,"TT-CHA",1,1
2025-03-03,"US-AL",2,2
2025-03-03,"US-CA",6,6
2025-03-03,"US-CT",4,4
2025-03-03,"US-DC",3,3
2025-03-03,"US-FL",4,4
2025-03-03,"US-GA",2,2
2025-03-03,"US-IL",2,2
2025-03-03,"US-LA",1,1
2025-03-03,"US-MA",1,1
2025-03-03,"US-MD",4,4
2025-03-03,"US-MI",1,1
2025-03-03,"US-MN",1,1
2025-03-03,"US-NJ",38,38
2025-03-03,"US-NY",202,202
2025-03-03,"US-PA",26,26
2025-03-03,"US-RI",2,2
2025-03-03,"US-SC",1,1
2025-03-03,"US-TX",5,5
2025-03-03,"US-VA",4,4
2025-03-02,"TT-POS",1,1
2025-03-02,"US-NJ",1,1
2025-03-02,"US-NY",5,5
2025-03-02,"US-PA",1,1
2025-03-02,"ZW-HA",1,1
2025-03-01,"US-IN",1,1
2025-03-01,"US-NY",8,8
2025-03-01,"ZA-WC",1,1
2025-02-28,"US-FL",1,1
2025-02-28,"US-IL",1,1
2025-02-28,"US-MD",1,1
2025-02-28,"US-NJ",1,1
2025-02-28,"US-NY",12,12
2025-02-28,"US-TX",1,1
2025-02-28,"US-VA",1,1
2025-02-27,"US-CA",1,1
2025-02-27,"US-CO",1,1
2025-02-27,"US-CT",1,1
2025-02-27,"US-DC",1,1
2025-02-27,"US-DE",3,3
2025-02-27,"US-FL",1,1
2025-02-27,"US-NJ",7,7
2025-02-27,"US-NY",27,27
2025-02-27,"US-PA",6,6
2025-02-27,"US-TX",1,1
2025-02-26,"US-CA",5,5
2025-02-26,"US-CT",5,5
2025-02-26,"US-FL",1,1
2025-02-26,"US-GA",4,4
2025-02-26,"US-IL",1,1
2025-02-26,"US-MA",1,1
2025-02-26,"US-MD",3,3
2025-02-26,"US-MN",1,1
2025-02-26,"US-NJ",19,19
2025-02-26,"US-NY",53,53
2025-02-26,"US-OH",1,1
2025-02-26,"US-PA",9,9
2025-02-26,"US-TN",1,1
2025-02-26,"US-VA",1,1
2025-02-26,"US-WI",1,1
2025-02-26,"Unknown",2,2
2025-02-26,"ZA-EC",1,1
2025-02-25,"GB-LBH",2,2
2025-02-25,"GB-MAN",1,1
2025-02-25,"US-AL",1,1
2025-02-25,"US-CA",6,6
2025-02-25,"US-CT",9,9
2025-02-25,"US-DC",6,6
2025-02-25,"US-DE",2,2
2025-02-25,"US-FL",6,6
2025-02-25,"US-GA",2,2
2025-02-25,"US-IL",3,3
2025-02-25,"US-MA",9,9
2025-02-25,"US-MD",8,8
2025-02-25,"US-MI",1,1
2025-02-25,"US-MN",1,1
2025-02-25,"US-NC",5,5
2025-02-25,"US-NJ",23,23
2025-02-25,"US-NY",146,146
2025-02-25,"US-OH",1,1
2025-02-25,"US-PA",19,19
2025-02-25,"US-RI",2,2
2025-02-25,"US-SC",1,1
2025-02-25,"US-TN",4,4
2025-02-25,"US-TX",1,1
2025-02-25,"US-VA",6,6
2025-02-25,"VI-T",1,1
