Order Date,Are you a student?,Did a UJC Ambassador Invite you to the Summit?,Did a UJC Advisor Invite you to the Summit?,How did you hear about that hear about the Summit?
2025-02-25 12:02:58-05:00,No,No,Mysonne Linen,Other (Please describe in next question)
2025-02-25 12:04:12-05:00,No,No,Charlamagne Tha God,Other (Please describe in next question)
2025-02-25 12:04:39-05:00,No,No,Rebecca Brown,Other (Please describe in next question)
2025-02-25 12:04:57-05:00,,,,
2025-02-25 12:04:53-05:00,No,No,Desiree Perez,Other (Please describe in next question)
2025-02-25 12:08:22-05:00,,,,
2025-02-25 12:08:34-05:00,Yes,No,Jonathan S. Abady,Other (Please describe in next question)
2025-02-25 12:09:04-05:00,,,,
2025-02-25 12:13:59-05:00,No,No,Jana Fleishman,
2025-02-25 12:13:21-05:00,,,,
2025-02-25 12:14:17-05:00,No,Amirah A.,,
2025-02-25 12:14:48-05:00,,,,
2025-02-25 12:16:24-05:00,,,,
2025-02-25 12:17:47-05:00,No,No,Desiree Perez,Other (Please describe in next question)
2025-02-25 12:17:26-05:00,No,No,Gayle King,LinkedIn
2025-02-25 12:17:54-05:00,No,No,Faith Leach,Other (Please describe in next question)
2025-02-25 12:18:38-05:00,No,No,Dania Diaz,Other (Please describe in next question)
2025-02-25 12:21:04-05:00,,,,
2025-02-25 12:20:56-05:00,,,,
2025-02-25 12:21:51-05:00,No,Britney T.,,
2025-02-25 12:26:53-05:00,No,No,Desiree Perez,Other (Please describe in next question)
2025-02-25 12:27:12-05:00,No,No,K.C. Fox,
2025-02-25 12:26:01-05:00,Yes,No,Angela Rye,Other (Please describe in next question)
2025-02-25 12:29:05-05:00,,,,
2025-02-25 12:29:43-05:00,,,,
2025-02-25 12:31:12-05:00,,,,
2025-02-25 12:31:10-05:00,No,No,Barry Scheck,
2025-02-25 12:36:45-05:00,No,No,Marcy Croft,
2025-02-25 12:40:13-05:00,Yes,Amirah A.,,
2025-02-25 12:44:19-05:00,,,,
2025-02-25 12:48:53-05:00,No,No,Dania Diaz,Other (Please describe in next question)
2025-02-25 12:49:16-05:00,,,,
2025-02-25 12:54:20-05:00,No,No,Charlamagne Tha God,Twitter/X
2025-02-25 12:57:56-05:00,,,,
2025-02-25 13:01:35-05:00,No,No,Michael Eric Dyson,Other (Please describe in next question)
2025-02-25 13:05:44-05:00,,,,
2025-02-25 13:11:08-05:00,Yes,No,Marcy Croft,Other (Please describe in next question)
2025-02-25 13:18:28-05:00,No,No,Desiree Perez,Other (Please describe in next question)
2025-02-25 13:19:17-05:00,No,No,Desiree Perez,
2025-02-25 13:26:15-05:00,No,No,Jonathan S. Abady,Facebook
2025-02-25 13:38:35-05:00,,,,
2025-02-25 13:44:06-05:00,No,No,Susan Taylor Batten,LinkedIn
2025-02-25 13:44:31-05:00,No,No,Michael Eric Dyson,
2025-02-25 13:48:44-05:00,No,No,David Wander,Twitter/X
2025-02-25 13:54:55-05:00,No,No,David Wander,
2025-02-25 13:55:23-05:00,No,No,Mysonne Linen,Threads
2025-02-25 13:57:11-05:00,No,No,Rebecca Brown,LinkedIn
2025-02-25 14:04:44-05:00,,,,
2025-02-25 14:18:15-05:00,No,No,Charlamagne Tha God,Facebook
2025-02-25 14:25:19-05:00,No,No,Desiree Perez,Other (Please describe in next question)
2025-02-25 14:28:11-05:00,No,No,Desiree Perez,LinkedIn
2025-02-25 14:31:56-05:00,,,,
2025-02-25 14:33:10-05:00,,,,
2025-02-25 14:36:26-05:00,,,,
2025-02-25 14:42:15-05:00,No,No,No,Other (Please describe in next question)
2025-02-25 14:52:21-05:00,No,Breqlyne J.,,
2025-02-25 15:03:43-05:00,No,No,Lisa Wayne,
2025-02-25 15:08:07-05:00,No,No,Lisa Wayne,
2025-02-25 15:15:16-05:00,Yes,No,No,LinkedIn
2025-02-25 15:39:21-05:00,No,No,Dania Diaz,Other (Please describe in next question)
2025-02-25 15:40:39-05:00,,,,
2025-02-25 15:57:37-05:00,No,No,No,Other (Please describe in next question)
2025-02-25 15:59:29-05:00,Yes,No,No,Facebook
2025-02-25 16:01:47-05:00,Yes,No,No,Other (Please describe in next question)
2025-02-25 16:07:46-05:00,No,No,No,Other (Please describe in next question)
2025-02-25 16:08:07-05:00,Yes,No,No,Other (Please describe in next question)
2025-02-25 16:09:57-05:00,No,No,No,LinkedIn
2025-02-25 16:09:57-05:00,Yes,No,No,Other (Please describe in next question)
2025-02-25 16:21:54-05:00,No,No,No,Other (Please describe in next question)
2025-02-25 16:30:15-05:00,Yes,No,No,
2025-02-25 16:31:49-05:00,No,No,No,Other (Please describe in next question)
2025-02-25 16:33:00-05:00,Yes,No,No,Other (Please describe in next question)
2025-02-25 16:36:29-05:00,,,,
2025-02-25 16:37:30-05:00,Yes,No,No,Other (Please describe in next question)
2025-02-25 16:44:00-05:00,No,Britney T.,,
2025-02-25 16:46:10-05:00,,,,
2025-02-25 16:48:09-05:00,Yes,No,No,Other (Please describe in next question)
2025-02-25 17:00:46-05:00,,,,
2025-02-25 17:18:57-05:00,Yes,No,No,
2025-02-25 17:20:19-05:00,No,Breqlyne J.,,
2025-02-25 17:20:43-05:00,,,,
2025-02-25 17:20:49-05:00,,,,
2025-02-25 17:20:20-05:00,No,No,No,Other (Please describe in next question)
2025-02-25 17:22:09-05:00,No,No,No,
2025-02-25 17:22:41-05:00,Yes,No,No,Other (Please describe in next question)
2025-02-25 17:25:20-05:00,No,No,No,Other (Please describe in next question)
2025-02-25 17:24:12-05:00,Yes,No,No,Other (Please describe in next question)
2025-02-25 17:28:07-05:00,No,No,No,Other (Please describe in next question)
2025-02-25 17:28:15-05:00,,,,
2025-02-25 17:29:50-05:00,No,No,No,LinkedIn
2025-02-25 17:29:46-05:00,,,,
2025-02-25 17:30:01-05:00,,,,
2025-02-25 17:30:05-05:00,No,No,No,LinkedIn
2025-02-25 17:30:15-05:00,No,No,No,
2025-02-25 17:30:47-05:00,No,No,No,Facebook
2025-02-25 17:31:40-05:00,,,,
2025-02-25 17:31:37-05:00,No,No,No,Other (Please describe in next question)
2025-02-25 17:34:03-05:00,No,No,No,Other (Please describe in next question)
2025-02-25 17:34:30-05:00,,,,
2025-02-25 17:35:07-05:00,No,No,Michael Eric Dyson,Other (Please describe in next question)
2025-02-25 17:36:25-05:00,No,No,No,
2025-02-25 17:35:33-05:00,No,No,No,Facebook
2025-02-25 17:37:44-05:00,No,No,No,
2025-02-25 17:38:34-05:00,No,No,No,Other (Please describe in next question)
2025-02-25 17:38:48-05:00,Yes,No,No,Other (Please describe in next question)
2025-02-25 17:38:57-05:00,Yes,No,No,Other (Please describe in next question)
2025-02-25 17:38:57-05:00,No,No,No,Other (Please describe in next question)
2025-02-25 17:39:55-05:00,No,No,No,Other (Please describe in next question)
2025-02-25 17:40:25-05:00,,,,
2025-02-25 17:40:51-05:00,No,No,No,Other (Please describe in next question)
2025-02-25 17:41:45-05:00,No,No,No,Other (Please describe in next question)
2025-02-25 17:41:58-05:00,,,,
2025-02-25 17:43:08-05:00,No,No,No,Other (Please describe in next question)
2025-02-25 17:40:58-05:00,No,No,No,LinkedIn
2025-02-25 17:43:24-05:00,No,No,Tamika Mallory,Other (Please describe in next question)
2025-02-25 17:43:19-05:00,Yes,No,No,Other (Please describe in next question)
2025-02-25 17:45:00-05:00,No,No,No,Other (Please describe in next question)
2025-02-25 17:46:56-05:00,No,Amirah A.,,
2025-02-25 17:47:17-05:00,,,,
2025-02-25 17:47:02-05:00,No,No,Carmen Perez,LinkedIn
2025-02-25 17:48:58-05:00,No,No,No,Facebook
2025-02-25 17:47:31-05:00,No,No,No,LinkedIn
2025-02-25 17:49:11-05:00,No,No,No,TikTok
2025-02-25 17:48:50-05:00,No,No,No,Other (Please describe in next question)
2025-02-25 17:49:22-05:00,No,No,David Wander,Other (Please describe in next question)
2025-02-25 17:50:51-05:00,No,No,No,
2025-02-25 17:52:11-05:00,,,,
2025-02-25 17:53:52-05:00,No,No,No,Other (Please describe in next question)
2025-02-25 17:54:47-05:00,No,No,No,Other (Please describe in next question)
2025-02-25 17:54:09-05:00,No,No,No,Other (Please describe in next question)
2025-02-25 17:55:46-05:00,,,,
2025-02-25 17:56:07-05:00,No,No,No,Other (Please describe in next question)
2025-02-25 17:57:32-05:00,,,,
2025-02-25 17:58:17-05:00,No,No,No,Other (Please describe in next question)
2025-02-25 17:59:18-05:00,,,,
2025-02-25 17:57:15-05:00,No,No,No,Other (Please describe in next question)
2025-02-25 18:02:17-05:00,Yes,No,No,LinkedIn
2025-02-25 18:02:04-05:00,Yes,No,No,Facebook
2025-02-25 18:00:41-05:00,No,No,No,Other (Please describe in next question)
2025-02-25 18:04:53-05:00,No,No,No,Other (Please describe in next question)
2025-02-25 18:08:57-05:00,No,No,Benjamin Crump,Facebook
2025-02-25 18:10:22-05:00,No,Raven C.,,
2025-02-25 18:09:54-05:00,No,No,No,Other (Please describe in next question)
2025-02-25 18:10:21-05:00,,,,
2025-02-25 18:10:52-05:00,No,Jayla N.,,
2025-02-25 18:11:28-05:00,Yes,No,No,Other (Please describe in next question)
2025-02-25 18:11:25-05:00,No,Raven C.,,
2025-02-25 18:11:57-05:00,,,,
2025-02-25 18:12:17-05:00,Yes,No,No,LinkedIn
2025-02-25 18:13:01-05:00,,,,
2025-02-25 18:15:25-05:00,No,No,No,
2025-02-25 18:17:31-05:00,No,No,No,Other (Please describe in next question)
2025-02-25 18:25:02-05:00,Yes,Raven C.,,
2025-02-25 18:29:10-05:00,No,No,No,Other (Please describe in next question)
2025-02-25 18:31:02-05:00,No,No,No,Other (Please describe in next question)
2025-02-25 18:34:19-05:00,No,No,No,Other (Please describe in next question)
2025-02-25 18:37:07-05:00,Yes,No,No,Other (Please describe in next question)
2025-02-25 18:38:10-05:00,Yes,No,No,Other (Please describe in next question)
2025-02-25 18:53:27-05:00,No,No,No,LinkedIn
2025-02-25 18:53:38-05:00,No,No,No,Threads
2025-02-25 18:56:33-05:00,No,No,No,LinkedIn
2025-02-25 18:57:00-05:00,No,No,No,Other (Please describe in next question)
2025-02-25 18:59:08-05:00,No,Breqlyne J.,,
2025-02-25 19:03:04-05:00,No,No,No,
2025-02-25 19:03:08-05:00,No,Breqlyne J.,,
2025-02-25 19:03:58-05:00,No,No,No,
2025-02-25 19:04:52-05:00,No,No,Tamika Mallory,Other (Please describe in next question)
2025-02-25 19:12:47-05:00,No,No,David Wander,Other (Please describe in next question)
2025-02-25 19:15:58-05:00,No,No,Charlamagne Tha God,Other (Please describe in next question)
2025-02-25 19:19:36-05:00,No,No,No,Other (Please describe in next question)
2025-02-25 19:19:56-05:00,,,,
2025-02-25 19:24:45-05:00,No,No,No,Other (Please describe in next question)
2025-02-25 19:24:41-05:00,No,No,Charlamagne Tha God,Other (Please describe in next question)
2025-02-25 19:25:12-05:00,Yes,No,No,Other (Please describe in next question)
2025-02-25 19:26:22-05:00,No,No,No,Other (Please describe in next question)
2025-02-25 19:28:45-05:00,No,No,Desiree Perez,Other (Please describe in next question)
2025-02-25 19:28:30-05:00,No,No,No,Other (Please describe in next question)
2025-02-25 19:30:42-05:00,No,No,No,Other (Please describe in next question)
2025-02-25 19:30:59-05:00,No,No,No,
2025-02-25 19:31:10-05:00,No,No,Desiree Perez,
2025-02-25 19:32:35-05:00,No,No,No,Other (Please describe in next question)
2025-02-25 19:33:10-05:00,No,No,No,Other (Please describe in next question)
2025-02-25 19:35:46-05:00,No,No,No,Other (Please describe in next question)
2025-02-25 19:35:44-05:00,No,No,No,Other (Please describe in next question)
2025-02-25 19:35:57-05:00,No,No,No,Other (Please describe in next question)
2025-02-25 19:36:54-05:00,,,,
2025-02-25 19:37:29-05:00,No,No,Topeka K. Sam,
2025-02-25 19:39:29-05:00,No,No,No,Other (Please describe in next question)
2025-02-25 19:40:11-05:00,,,,
2025-02-25 19:40:15-05:00,No,No,No,Other (Please describe in next question)
2025-02-25 19:41:12-05:00,No,No,No,Other (Please describe in next question)
2025-02-25 19:41:31-05:00,No,No,No,Other (Please describe in next question)
2025-02-25 19:40:55-05:00,No,No,Tamika Mallory,Other (Please describe in next question)
2025-02-25 19:41:41-05:00,No,No,No,Other (Please describe in next question)
2025-02-25 19:42:08-05:00,Yes,No,No,Other (Please describe in next question)
2025-02-25 19:41:14-05:00,No,No,No,Other (Please describe in next question)
2025-02-25 19:42:44-05:00,No,No,No,LinkedIn
2025-02-25 19:42:47-05:00,No,No,No,Other (Please describe in next question)
2025-02-25 19:43:39-05:00,No,No,No,Other (Please describe in next question)
2025-02-25 19:43:57-05:00,Yes,No,No,
2025-02-25 19:47:04-05:00,Yes,Breqlyne J.,,
2025-02-25 19:47:17-05:00,No,No,No,Other (Please describe in next question)
2025-02-25 19:48:55-05:00,No,No,No,Other (Please describe in next question)
2025-02-25 19:50:15-05:00,No,Amirah A.,,
2025-02-25 19:51:43-05:00,No,No,No,Facebook
2025-02-25 19:52:27-05:00,,,,
2025-02-25 19:53:26-05:00,No,No,No,LinkedIn
2025-02-25 19:57:15-05:00,,,,
2025-02-25 19:59:18-05:00,No,No,No,
2025-02-25 19:59:44-05:00,No,No,No,Other (Please describe in next question)
2025-02-25 20:04:59-05:00,No,No,No,
2025-02-25 20:05:25-05:00,Yes,No,No,Other (Please describe in next question)
2025-02-25 20:09:21-05:00,No,No,Marcia L. Dyson,Other (Please describe in next question)
2025-02-25 20:09:17-05:00,Yes,No,No,
2025-02-25 20:11:19-05:00,,,,
2025-02-25 20:12:06-05:00,No,No,No,Other (Please describe in next question)
2025-02-25 20:15:34-05:00,No,No,No,
2025-02-25 20:22:12-05:00,No,No,No,Other (Please describe in next question)
2025-02-25 20:22:42-05:00,,,,
2025-02-25 20:25:11-05:00,No,No,No,
2025-02-25 20:25:43-05:00,No,No,No,Other (Please describe in next question)
2025-02-25 20:26:58-05:00,Yes,No,No,LinkedIn
2025-02-25 20:26:44-05:00,,,,
2025-02-25 20:27:34-05:00,,,,
2025-02-25 20:29:09-05:00,No,No,No,
2025-02-25 20:31:16-05:00,,,,
2025-02-25 20:34:08-05:00,No,No,No,
2025-02-25 20:34:37-05:00,,,,
2025-02-25 20:36:44-05:00,No,No,No,
2025-02-25 20:38:57-05:00,,,,
2025-02-25 20:39:28-05:00,No,No,No,Other (Please describe in next question)
2025-02-25 20:44:27-05:00,Yes,No,No,Other (Please describe in next question)
2025-02-25 20:52:02-05:00,No,No,No,Other (Please describe in next question)
2025-02-25 20:59:32-05:00,No,No,No,Other (Please describe in next question)
2025-02-25 21:02:15-05:00,No,No,No,
2025-02-25 21:07:00-05:00,Yes,No,No,Other (Please describe in next question)
2025-02-25 21:09:15-05:00,No,No,No,Other (Please describe in next question)
2025-02-25 21:09:49-05:00,No,No,No,Other (Please describe in next question)
2025-02-25 21:10:17-05:00,,,,
2025-02-25 21:13:14-05:00,,,,
2025-02-25 21:13:24-05:00,No,No,No,LinkedIn
2025-02-25 21:13:57-05:00,Yes,No,No,Other (Please describe in next question)
2025-02-25 21:20:09-05:00,Yes,No,No,
2025-02-25 21:21:04-05:00,No,No,No,Other (Please describe in next question)
2025-02-25 21:23:06-05:00,,,,
2025-02-25 21:32:52-05:00,No,No,No,Other (Please describe in next question)
2025-02-25 21:34:29-05:00,No,No,No,
2025-02-25 21:41:28-05:00,No,No,Michael Eric Dyson,LinkedIn
2025-02-25 21:44:44-05:00,No,No,No,
2025-02-25 21:50:58-05:00,No,No,No,Other (Please describe in next question)
2025-02-25 22:01:47-05:00,No,Troy S.,,
2025-02-25 22:17:45-05:00,No,No,No,Other (Please describe in next question)
2025-02-25 22:19:32-05:00,No,No,Jonathan S. Abady,
2025-02-25 22:24:18-05:00,No,No,No,Other (Please describe in next question)
2025-02-25 22:41:21-05:00,,,,
2025-02-25 22:44:08-05:00,No,No,No,
2025-02-25 22:46:12-05:00,No,No,No,Facebook
2025-02-25 22:46:08-05:00,No,No,No,
2025-02-25 22:53:06-05:00,No,No,Marcy Croft,
2025-02-25 22:59:51-05:00,Yes,No,No,
2025-02-25 23:00:13-05:00,No,No,No,
2025-02-25 23:03:15-05:00,Yes,No,No,Other (Please describe in next question)
2025-02-25 23:13:46-05:00,No,No,Charlamagne Tha God,LinkedIn
2025-02-25 23:30:13-05:00,No,No,No,Other (Please describe in next question)
2025-02-25 23:40:35-05:00,Yes,No,No,Other (Please describe in next question)
2025-02-25 23:52:19-05:00,No,No,No,Other (Please describe in next question)
2025-02-25 23:59:49-05:00,No,No,No,
2025-02-26 00:01:25-05:00,No,No,No,Other (Please describe in next question)
2025-02-26 00:10:32-05:00,,,,
2025-02-26 00:29:21-05:00,No,No,No,Other (Please describe in next question)
2025-02-26 00:39:22-05:00,Yes,No,No,Other (Please describe in next question)
2025-02-26 00:50:15-05:00,,,,
2025-02-26 01:09:32-05:00,No,No,Nicole Paultre Bell,Other (Please describe in next question)
2025-02-26 01:21:39-05:00,No,No,No,Other (Please describe in next question)
2025-02-26 01:40:42-05:00,Yes,No,No,Other (Please describe in next question)
2025-02-26 03:19:12-05:00,No,No,No,Other (Please describe in next question)
2025-02-26 04:51:05-05:00,No,No,No,Other (Please describe in next question)
2025-02-26 05:58:36-05:00,No,No,Tamika Mallory,Other (Please describe in next question)
2025-02-26 06:39:19-05:00,No,No,No,Other (Please describe in next question)
2025-02-26 06:44:40-05:00,No,No,No,Other (Please describe in next question)
2025-02-26 06:48:14-05:00,No,Troy S.,,
2025-02-26 06:50:12-05:00,No,Amirah A.,,
2025-02-26 06:52:18-05:00,,,,
2025-02-26 06:55:00-05:00,No,No,No,
2025-02-26 07:00:50-05:00,No,No,No,Other (Please describe in next question)
2025-02-26 07:09:26-05:00,,,,
2025-02-26 07:39:52-05:00,No,No,No,Other (Please describe in next question)
2025-02-26 07:47:16-05:00,No,No,No,Other (Please describe in next question)
2025-02-26 08:02:48-05:00,Yes,Britney T.,,
2025-02-26 08:03:32-05:00,,,,
2025-02-26 08:09:58-05:00,No,No,No,
2025-02-26 08:33:20-05:00,No,No,No,
2025-02-26 08:35:02-05:00,No,No,No,Other (Please describe in next question)
2025-02-26 08:35:04-05:00,No,No,No,
2025-02-26 08:35:37-05:00,Yes,No,No,
2025-02-26 08:39:23-05:00,No,No,No,Other (Please describe in next question)
2025-02-26 08:39:22-05:00,No,No,No,Other (Please describe in next question)
2025-02-26 08:53:14-05:00,No,No,No,Other (Please describe in next question)
2025-02-26 08:57:26-05:00,No,No,No,Other (Please describe in next question)
2025-02-26 09:05:17-05:00,No,No,No,Other (Please describe in next question)
2025-02-26 09:11:14-05:00,No,No,No,
2025-02-26 09:12:21-05:00,No,Jackson W.,,
2025-02-26 09:13:45-05:00,Yes,No,No,Facebook
2025-02-26 09:16:11-05:00,No,Jackson W.,,
2025-02-26 09:17:02-05:00,No,No,Dania Diaz,
2025-02-26 09:24:55-05:00,No,No,No,Other (Please describe in next question)
2025-02-26 09:25:59-05:00,No,No,No,Threads
2025-02-26 09:31:18-05:00,No,No,No,Other (Please describe in next question)
2025-02-26 09:30:23-05:00,,,,
2025-02-26 09:55:33-05:00,No,Jayla N.,,
2025-02-26 09:56:27-05:00,No,No,No,LinkedIn
2025-02-26 09:59:19-05:00,,,,
2025-02-26 10:03:54-05:00,No,No,No,Other (Please describe in next question)
2025-02-26 10:06:41-05:00,No,No,No,
2025-02-26 10:10:05-05:00,Yes,No,No,Facebook
2025-02-26 10:14:01-05:00,No,No,No,
2025-02-26 10:17:17-05:00,,,,
2025-02-26 10:19:42-05:00,No,No,No,
2025-02-26 10:25:54-05:00,No,Breqlyne J.,,
2025-02-26 10:28:11-05:00,No,No,Desiree Perez,Other (Please describe in next question)
2025-02-26 10:34:10-05:00,,,,
2025-02-26 10:34:38-05:00,No,No,No,LinkedIn
2025-02-26 10:34:24-05:00,,,,
2025-02-26 10:37:41-05:00,,,,
2025-02-26 10:47:20-05:00,No,No,No,
2025-02-26 10:48:15-05:00,No,No,No,
2025-02-26 10:49:26-05:00,No,No,No,Other (Please describe in next question)
2025-02-26 10:52:29-05:00,No,No,No,
2025-02-26 11:01:54-05:00,No,No,No,Facebook
2025-02-26 11:03:37-05:00,Yes,No,No,Other (Please describe in next question)
2025-02-26 11:08:31-05:00,No,Breqlyne J.,,
2025-02-26 11:10:28-05:00,No,Breqlyne J.,,
2025-02-26 11:25:50-05:00,No,No,No,
2025-02-26 11:53:04-05:00,Yes,No,No,Other (Please describe in next question)
2025-02-26 12:06:53-05:00,No,No,No,
2025-02-26 12:20:02-05:00,,,,
2025-02-26 12:22:07-05:00,,,,
2025-02-26 12:31:25-05:00,No,No,No,Other (Please describe in next question)
2025-02-26 12:47:06-05:00,No,No,No,Other (Please describe in next question)
2025-02-26 12:57:45-05:00,No,No,No,Other (Please describe in next question)
2025-02-26 13:00:52-05:00,No,No,No,Other (Please describe in next question)
2025-02-26 13:26:44-05:00,Yes,No,No,Other (Please describe in next question)
2025-02-26 13:45:32-05:00,Yes,No,No,Other (Please describe in next question)
2025-02-26 13:59:14-05:00,Yes,No,No,
2025-02-26 14:08:50-05:00,No,No,Tamika Mallory,Facebook
2025-02-26 14:20:15-05:00,No,Jayla N.,,
2025-02-26 15:00:48-05:00,No,No,No,
2025-02-26 15:09:22-05:00,No,No,No,
2025-02-26 15:10:40-05:00,No,No,No,
2025-02-26 15:25:30-05:00,No,No,No,Other (Please describe in next question)
2025-02-26 15:46:19-05:00,,,,
2025-02-26 15:55:28-05:00,No,No,No,Other (Please describe in next question)
2025-02-26 16:05:16-05:00,No,No,No,Other (Please describe in next question)
2025-02-26 16:07:47-05:00,No,No,No,Facebook
2025-02-26 16:17:00-05:00,No,No,No,Other (Please describe in next question)
2025-02-26 16:20:57-05:00,Yes,Jayla N.,,
2025-02-26 16:25:19-05:00,No,No,No,Other (Please describe in next question)
2025-02-26 16:33:18-05:00,No,No,No,
2025-02-26 16:56:28-05:00,No,No,No,Other (Please describe in next question)
2025-02-26 17:06:51-05:00,,,,
2025-02-26 17:26:44-05:00,No,No,No,Other (Please describe in next question)
2025-02-26 17:55:42-05:00,No,No,No,
2025-02-26 18:42:42-05:00,No,No,No,Other (Please describe in next question)
2025-02-26 18:50:58-05:00,,,,
2025-02-26 19:29:30-05:00,No,No,No,
2025-02-26 19:47:49-05:00,No,No,No,Other (Please describe in next question)
2025-02-26 19:50:05-05:00,,,,
2025-02-26 19:51:36-05:00,,,,
2025-02-26 20:09:23-05:00,Yes | No,No,No,
2025-02-26 20:11:20-05:00,No,No,No,Other (Please describe in next question)
2025-02-26 20:41:53-05:00,No,No,No,Other (Please describe in next question)
2025-02-26 20:58:27-05:00,No,No,No,Facebook
2025-02-26 21:50:58-05:00,No,No,No,LinkedIn
2025-02-26 22:36:34-05:00,No,No,No,Other (Please describe in next question)
2025-02-26 23:16:14-05:00,No,No,Benjamin Crump,Other (Please describe in next question)
2025-02-27 00:18:16-05:00,,,,
2025-02-27 00:30:50-05:00,No,No,No,Facebook
2025-02-27 00:34:07-05:00,,,,
2025-02-27 00:45:28-05:00,No,No,No,Facebook
2025-02-27 01:00:51-05:00,No,No,No,Other (Please describe in next question)
2025-02-27 01:13:45-05:00,No,No,No,Other (Please describe in next question)
2025-02-27 01:41:12-05:00,No,No,No,
2025-02-27 01:43:24-05:00,No,No,No,
2025-02-27 03:01:42-05:00,No,No,No,Other (Please describe in next question)
2025-02-27 04:24:11-05:00,No,No,No,Other (Please describe in next question)
2025-02-27 06:43:49-05:00,No,No,No,
2025-02-27 06:48:51-05:00,No,No,No,LinkedIn
2025-02-27 06:49:58-05:00,No,No,No,
2025-02-27 07:23:31-05:00,No,No,No,
2025-02-27 07:41:52-05:00,No,No,No,Threads
2025-02-27 08:20:45-05:00,No,Amirah A.,,
2025-02-27 08:48:08-05:00,No,No,No,Other (Please describe in next question)
2025-02-27 09:55:17-05:00,No,No,No,Other (Please describe in next question)
2025-02-27 10:02:09-05:00,No,No,No,Other (Please describe in next question)
2025-02-27 10:12:51-05:00,No,No,No,Other (Please describe in next question)
2025-02-27 10:24:08-05:00,No,No,No,Other (Please describe in next question)
2025-02-27 10:35:57-05:00,No,No,No,Other (Please describe in next question)
2025-02-27 10:42:14-05:00,No,No,No,
2025-02-27 10:48:00-05:00,No,No,No,
2025-02-27 11:55:56-05:00,No,Jackson W.,,
2025-02-27 11:58:37-05:00,No,No,No,Other (Please describe in next question)
2025-02-27 12:06:05-05:00,No,No,No,
2025-02-27 12:24:27-05:00,,,,
2025-02-27 12:26:24-05:00,No,Troy S.,,
2025-02-27 12:31:31-05:00,No,No,No,Other (Please describe in next question)
2025-02-27 12:49:51-05:00,,,,
2025-02-27 12:58:04-05:00,No,No,No,Other (Please describe in next question)
2025-02-27 13:18:39-05:00,No,Amirah A.,,
2025-02-27 15:43:54-05:00,No,No,Dania Diaz,Other (Please describe in next question)
2025-02-27 15:47:47-05:00,No,Britney T.,,
2025-02-27 15:54:12-05:00,No,No,Van Jones,Other (Please describe in next question)
2025-02-27 16:47:59-05:00,No,Jayla N.,,
2025-02-27 17:44:33-05:00,No,No,No,Facebook
2025-02-27 18:22:41-05:00,Yes,No,No,Other (Please describe in next question)
2025-02-27 18:42:05-05:00,,,,
2025-02-27 20:23:28-05:00,No,No,No,Other (Please describe in next question)
2025-02-27 20:22:57-05:00,Yes,No,No,Other (Please describe in next question)
2025-02-27 20:33:14-05:00,No,No,No,Other (Please describe in next question)
2025-02-27 20:37:38-05:00,No,No,No,Other (Please describe in next question)
2025-02-27 20:41:29-05:00,No,No,No,Other (Please describe in next question)
2025-02-27 21:25:10-05:00,No,No,No,
2025-02-27 22:22:07-05:00,No,No,No,
2025-02-27 22:32:21-05:00,No,No,No,Other (Please describe in next question)
2025-02-27 23:27:09-05:00,Yes,No,No,
2025-02-28 00:05:32-05:00,No,No,No,Other (Please describe in next question)
2025-02-28 01:45:44-05:00,No,No,No,
2025-02-28 02:07:58-05:00,No,No,No,Other (Please describe in next question)
2025-02-28 02:33:23-05:00,,,,
2025-02-28 04:02:33-05:00,No,No,No,Other (Please describe in next question)
2025-02-28 05:39:54-05:00,,,,
2025-02-28 05:41:25-05:00,No,No,Angela Rye,Other (Please describe in next question)
2025-02-28 09:49:49-05:00,Yes,No,No,Other (Please describe in next question)
2025-02-28 09:50:31-05:00,No,No,Lisa Wayne,Facebook
2025-02-28 09:58:17-05:00,No,No,No,Other (Please describe in next question)
2025-02-28 10:10:56-05:00,Yes,No,No,LinkedIn
2025-02-28 10:47:01-05:00,,,,
2025-02-28 11:42:46-05:00,No,No,No,Other (Please describe in next question)
2025-02-28 12:10:07-05:00,No,No,No,Other (Please describe in next question)
2025-02-28 12:39:24-05:00,No,Troy S.,,
2025-02-28 15:23:46-05:00,No,No,No,Other (Please describe in next question)
2025-02-28 18:28:43-05:00,,,,
2025-02-28 18:49:23-05:00,,,,
2025-03-01 07:11:52-05:00,No,Jackson W.,,
2025-03-01 08:23:03-05:00,No,No,No,
2025-03-01 10:01:57-05:00,,,,
2025-03-01 11:12:28-05:00,No,No,No,Facebook
2025-03-01 11:13:35-05:00,No,No,No,Facebook
2025-03-01 13:38:19-05:00,No,No,No,
2025-03-01 14:08:17-05:00,,,,
2025-03-01 18:24:00-05:00,No,No,No,LinkedIn
2025-03-01 22:17:54-05:00,No,No,No,Other (Please describe in next question)
2025-03-01 23:50:25-05:00,No,No,No,Other (Please describe in next question)
2025-03-02 05:31:16-05:00,Yes,No,No,LinkedIn
2025-03-02 07:11:59-05:00,No,No,Angela Rye,
2025-03-02 11:22:59-05:00,No,No,No,Other (Please describe in next question)
2025-03-02 18:45:03-05:00,No,No,No,LinkedIn
2025-03-02 19:44:35-05:00,,,,
2025-03-02 19:45:27-05:00,Yes,No,No,Other (Please describe in next question)
2025-03-02 21:27:08-05:00,No,No,No,Other (Please describe in next question)
2025-03-02 21:32:11-05:00,No,No,No,Other (Please describe in next question)
2025-03-02 22:51:03-05:00,No,No,Michael Eric Dyson,Other (Please describe in next question)
2025-03-03 03:42:31-05:00,No,No,No,LinkedIn
2025-03-03 07:03:51-05:00,No,No,No,Other (Please describe in next question)
2025-03-03 10:08:29-05:00,,,,
2025-03-03 10:59:08-05:00,No,No,Michelle Kenney,Other (Please describe in next question)
2025-03-03 10:59:35-05:00,No,No,No,Other (Please describe in next question)
2025-03-03 11:08:56-05:00,No,No,No,
2025-03-03 13:03:08-05:00,No,No,Benjamin Crump,Other (Please describe in next question)
2025-03-03 13:05:17-05:00,Yes,No,No,
2025-03-03 13:05:57-05:00,No,Jackson W.,,
2025-03-03 13:08:03-05:00,No,No,No,
2025-03-03 13:19:20-05:00,No,No,No,Facebook
2025-03-03 13:19:55-05:00,,,,
2025-03-03 13:21:37-05:00,No,Jackson W.,,
2025-03-03 13:21:37-05:00,No,No,No,Other (Please describe in next question)
2025-03-03 13:25:45-05:00,No,No,No,Other (Please describe in next question)
2025-03-03 13:28:58-05:00,No,No,No,Other (Please describe in next question)
2025-03-03 13:29:16-05:00,,,,
2025-03-03 13:29:40-05:00,No,Jackson W.,,
2025-03-03 13:30:09-05:00,,,,
2025-03-03 13:30:40-05:00,No,No,No,Other (Please describe in next question)
2025-03-03 13:33:13-05:00,,,,
2025-03-03 13:33:00-05:00,No,Jackson W.,,
2025-03-03 13:34:47-05:00,No,Amirah A.,,
2025-03-03 13:35:17-05:00,,,,
2025-03-03 13:33:55-05:00,,,,
2025-03-03 13:35:58-05:00,No,No,No,Other (Please describe in next question)
2025-03-03 13:36:39-05:00,Yes,No,No,Other (Please describe in next question)
2025-03-03 13:36:18-05:00,,,,
2025-03-03 13:37:17-05:00,No,Moses K.,,
2025-03-03 13:38:25-05:00,No,No,No,Facebook
2025-03-03 13:39:10-05:00,No,Moses K.,,
2025-03-03 13:39:13-05:00,No,Jackson W.,,
2025-03-03 13:39:24-05:00,No,No,No,Other (Please describe in next question)
2025-03-03 13:39:31-05:00,No,Jackson W.,,
2025-03-03 13:40:20-05:00,Yes,No,No,Other (Please describe in next question)
2025-03-03 13:40:21-05:00,No,Jackson W.,,
2025-03-03 13:40:54-05:00,Yes,No,No,Other (Please describe in next question)
2025-03-03 13:40:49-05:00,Yes,Moses K.,,
2025-03-03 13:41:45-05:00,No,No,No,Facebook
2025-03-03 13:41:32-05:00,No,No,No,Other (Please describe in next question)
2025-03-03 13:42:28-05:00,Yes,No,No,
2025-03-03 13:42:23-05:00,No,No,No,
2025-03-03 13:42:41-05:00,No,No,No,LinkedIn
2025-03-03 13:42:36-05:00,No,No,No,Other (Please describe in next question)
2025-03-03 13:45:05-05:00,,,,
2025-03-03 13:45:34-05:00,No,No,No,Facebook
2025-03-03 13:46:03-05:00,Yes,No,No,Other (Please describe in next question)
2025-03-03 13:46:05-05:00,No,No,No,LinkedIn
2025-03-03 13:47:42-05:00,No,No,No,Other (Please describe in next question)
2025-03-03 13:48:52-05:00,No,No,No,Other (Please describe in next question)
2025-03-03 13:49:30-05:00,No,No,No,
2025-03-03 13:50:50-05:00,Yes,No,No,Other (Please describe in next question)
2025-03-03 13:52:09-05:00,,,,
2025-03-03 13:53:17-05:00,,,,
2025-03-03 13:53:33-05:00,No,No,No,
2025-03-03 13:54:05-05:00,No,Jackson W.,,
2025-03-03 13:53:48-05:00,No,No,No,Facebook
2025-03-03 13:54:10-05:00,No,Amirah A.,,
2025-03-03 13:56:49-05:00,,,,
2025-03-03 13:55:56-05:00,No,No,No,Other (Please describe in next question)
2025-03-03 13:58:32-05:00,,,,
2025-03-03 13:58:03-05:00,No,Jackson W.,,
2025-03-03 13:58:37-05:00,No,No,No,Other (Please describe in next question)
2025-03-03 13:58:29-05:00,No,Moses K.,,
2025-03-03 13:58:37-05:00,Yes,Moses K.,,
2025-03-03 13:59:48-05:00,,,,
2025-03-03 14:00:08-05:00,Yes,Moses K.,,
2025-03-03 13:59:18-05:00,Yes,No,No,Other (Please describe in next question)
2025-03-03 14:01:08-05:00,No,No,No,
2025-03-03 14:01:24-05:00,No,No,No,
2025-03-03 14:03:49-05:00,,,,
2025-03-03 14:04:31-05:00,,,,
2025-03-03 14:04:40-05:00,No,No,Jessica Jackson,Other (Please describe in next question)
2025-03-03 14:05:35-05:00,No,No,No,Facebook
2025-03-03 14:07:23-05:00,,,,
2025-03-03 14:07:19-05:00,No,Moses K.,,
2025-03-03 14:07:34-05:00,No,No,No,
2025-03-03 14:10:46-05:00,No,No,No,Other (Please describe in next question)
2025-03-03 14:13:05-05:00,No,Moses K.,,
2025-03-03 14:16:08-05:00,No,Moses K.,,
2025-03-03 14:16:40-05:00,No,Moses K.,,
2025-03-03 14:17:23-05:00,No,No,Dan Slepian,
2025-03-03 14:17:39-05:00,No,Moses K.,,
2025-03-03 14:17:58-05:00,No,No,Charlamagne Tha God,Other (Please describe in next question)
2025-03-03 14:17:56-05:00,No,Moses K.,,
2025-03-03 14:18:47-05:00,No,No,No,Other (Please describe in next question)
2025-03-03 14:18:25-05:00,No,No,No,Other (Please describe in next question)
2025-03-03 14:19:37-05:00,No,Jackson W.,,
2025-03-03 14:19:57-05:00,No,Breqlyne J.,,
2025-03-03 14:21:21-05:00,No,Jackson W.,,
2025-03-03 14:21:42-05:00,No,No,No,Facebook
2025-03-03 14:22:28-05:00,No,No,No,Facebook
2025-03-03 14:22:42-05:00,No,No,No,Other (Please describe in next question)
2025-03-03 14:25:45-05:00,No,No,No,Facebook
2025-03-03 14:26:05-05:00,No,Moses K.,,
2025-03-03 14:27:36-05:00,No,No,No,Facebook
2025-03-03 14:27:38-05:00,Yes,No,No,Other (Please describe in next question)
2025-03-03 14:27:55-05:00,No,Moses K.,,
2025-03-03 14:28:48-05:00,,,,
2025-03-03 14:29:23-05:00,No,No,No,Threads
2025-03-03 14:23:40-05:00,No,Jackson W.,,
2025-03-03 14:28:45-05:00,No,No,No,Other (Please describe in next question)
2025-03-03 14:29:50-05:00,No,Jackson W.,,
2025-03-03 14:31:03-05:00,No,No,No,
2025-03-03 14:31:46-05:00,No,No,No,LinkedIn
2025-03-03 14:31:52-05:00,,,,
2025-03-03 14:32:38-05:00,Yes,No,No,Other (Please describe in next question)
2025-03-03 14:35:14-05:00,,,,
2025-03-03 14:35:59-05:00,,,,
2025-03-03 14:36:50-05:00,Yes,Jackson W.,,
2025-03-03 14:37:42-05:00,No,No,No,Other (Please describe in next question)
2025-03-03 14:37:31-05:00,No,No,No,Other (Please describe in next question)
2025-03-03 14:38:07-05:00,Yes,No,No,Other (Please describe in next question)
2025-03-03 14:38:45-05:00,No,No,No,Threads
2025-03-03 14:38:22-05:00,Yes,Moses K.,,
2025-03-03 14:39:07-05:00,No,No,No,Other (Please describe in next question)
2025-03-03 14:39:29-05:00,Yes,Moses K.,,
2025-03-03 14:39:57-05:00,,,,
2025-03-03 14:41:19-05:00,No,Moses K.,,
2025-03-03 14:42:10-05:00,No,No,No,Other (Please describe in next question)
2025-03-03 14:42:22-05:00,No,No,No,Other (Please describe in next question)
2025-03-03 14:46:05-05:00,No,Moses K.,,
2025-03-03 14:45:39-05:00,,,,
2025-03-03 14:46:16-05:00,No,Moses K.,,
2025-03-03 14:47:38-05:00,No,No,No,Other (Please describe in next question)
2025-03-03 14:50:04-05:00,No,No,No,TikTok
2025-03-03 14:49:48-05:00,No,Moses K.,,
2025-03-03 14:51:06-05:00,,,,
2025-03-03 14:51:07-05:00,No,No,No,Other (Please describe in next question)
2025-03-03 14:51:53-05:00,No,Amirah A.,,
2025-03-03 14:52:11-05:00,No,No,No,LinkedIn
2025-03-03 14:52:18-05:00,,,,
2025-03-03 14:52:29-05:00,No,No,No,Other (Please describe in next question)
2025-03-03 14:52:54-05:00,Yes,No,No,
2025-03-03 14:54:06-05:00,No,Jayla N.,,
2025-03-03 14:54:55-05:00,No,No,No,
2025-03-03 14:55:24-05:00,No,Troy S.,,
2025-03-03 14:56:27-05:00,No,No,Desiree Perez,Other (Please describe in next question)
2025-03-03 14:57:21-05:00,No,No,No,Other (Please describe in next question)
2025-03-03 14:57:55-05:00,No,Moses K.,,
2025-03-03 14:58:20-05:00,No,Moses K.,,
2025-03-03 14:59:21-05:00,Yes,No,No,Other (Please describe in next question)
2025-03-03 14:58:41-05:00,No,Amirah A.,,
2025-03-03 15:01:12-05:00,No,No,No,Facebook
2025-03-03 15:02:47-05:00,No,Jayla N.,,
2025-03-03 15:03:56-05:00,No,Amirah A.,,
2025-03-03 15:03:41-05:00,No,No,No,
2025-03-03 15:06:16-05:00,No,No,No,
2025-03-03 15:06:26-05:00,No,No,No,
2025-03-03 15:08:35-05:00,,,,
2025-03-03 15:08:20-05:00,Yes | No,No,Charlamagne Tha God,
2025-03-03 15:11:21-05:00,No,Amirah A.,,
2025-03-03 15:11:21-05:00,No,Amirah A.,,
2025-03-03 15:12:39-05:00,,,,
2025-03-03 15:13:06-05:00,No,No,Dan Slepian,Other (Please describe in next question)
2025-03-03 15:13:28-05:00,No,No,No,Other (Please describe in next question)
2025-03-03 15:14:40-05:00,,,,
2025-03-03 15:15:13-05:00,,,,
2025-03-03 15:16:21-05:00,No,Moses K.,,
2025-03-03 15:17:10-05:00,No,Amirah A.,,
2025-03-03 15:17:30-05:00,No,Moses K.,,
2025-03-03 15:19:09-05:00,No,No,Charlamagne Tha God,Other (Please describe in next question)
2025-03-03 15:19:52-05:00,No,No,No,
2025-03-03 15:22:40-05:00,,,,
2025-03-03 15:24:49-05:00,No,Jackson W.,,
2025-03-03 15:25:26-05:00,No,No,No,Facebook
2025-03-03 15:26:21-05:00,,,,
2025-03-03 15:28:02-05:00,,,,
2025-03-03 15:28:22-05:00,No,No,No,Other (Please describe in next question)
2025-03-03 15:29:15-05:00,No,Moses K.,,
2025-03-03 15:29:04-05:00,No,No,No,Other (Please describe in next question)
2025-03-03 15:29:52-05:00,No,No,No,Other (Please describe in next question)
2025-03-03 15:29:43-05:00,Yes,Moses K.,,
2025-03-03 15:33:25-05:00,No,No,No,Other (Please describe in next question)
2025-03-03 15:34:33-05:00,No,No,Marcia L. Dyson,Other (Please describe in next question)
2025-03-03 15:35:10-05:00,No,No,No,Facebook
2025-03-03 15:35:03-05:00,No,Moses K.,,
2025-03-03 15:37:41-05:00,Yes,No,No,
2025-03-03 15:41:01-05:00,No,No,No,Other (Please describe in next question)
2025-03-03 15:42:34-05:00,,,,
2025-03-03 15:43:21-05:00,No,No,No,LinkedIn
2025-03-03 15:42:51-05:00,No,No,No,Other (Please describe in next question)
2025-03-03 15:44:09-05:00,No,No,Michael Eric Dyson,Other (Please describe in next question)
2025-03-03 15:44:04-05:00,No,No,No,TikTok
2025-03-03 15:44:41-05:00,No,No,No,Other (Please describe in next question)
2025-03-03 15:44:01-05:00,,,,
2025-03-03 15:45:18-05:00,Yes,No,No,Threads
2025-03-03 15:45:21-05:00,No,No,No,Other (Please describe in next question)
2025-03-03 15:45:57-05:00,Yes,No,No,LinkedIn
2025-03-03 15:45:46-05:00,,,,
2025-03-03 15:44:56-05:00,No,No,Van Jones,LinkedIn
2025-03-03 15:47:18-05:00,,,,
2025-03-03 15:47:33-05:00,,,,
2025-03-03 15:47:25-05:00,No,Moses K.,,
2025-03-03 15:49:11-05:00,No,Breqlyne J.,,
2025-03-03 15:49:38-05:00,,,,
2025-03-03 15:50:18-05:00,No,No,No,
2025-03-03 15:50:39-05:00,No,Jackson W.,,
2025-03-03 15:51:00-05:00,No,No,No,Other (Please describe in next question)
2025-03-03 15:50:59-05:00,No,No,No,Facebook
2025-03-03 15:50:46-05:00,No,No,No,Other (Please describe in next question)
2025-03-03 15:51:53-05:00,No,Moses K.,,
2025-03-03 15:51:44-05:00,Yes,Moses K.,,
2025-03-03 15:51:54-05:00,No,No,No,Other (Please describe in next question)
2025-03-03 15:54:26-05:00,No,Jayla N.,,
2025-03-03 15:55:29-05:00,No,Moses K.,,
2025-03-03 15:57:02-05:00,No,Jackson W.,,
2025-03-03 15:59:35-05:00,No,No,No,Other (Please describe in next question)
2025-03-03 16:06:57-05:00,No,No,No,Other (Please describe in next question)
2025-03-03 16:06:40-05:00,Yes,No,No,Other (Please describe in next question)
2025-03-03 16:07:50-05:00,No,No,No,
2025-03-03 16:11:14-05:00,Yes,Moses K.,,
2025-03-03 16:11:23-05:00,No,Raven C.,,
2025-03-03 16:13:42-05:00,No,No,No,
2025-03-03 16:14:09-05:00,,,,
2025-03-03 16:15:36-05:00,,,,
2025-03-03 16:21:49-05:00,No,No,No,Other (Please describe in next question)
2025-03-03 16:22:56-05:00,No,No,No,Other (Please describe in next question)
2025-03-03 16:24:05-05:00,No,No,No,Other (Please describe in next question)
2025-03-03 16:25:24-05:00,No,No,No,Other (Please describe in next question)
2025-03-03 16:27:16-05:00,,,,
2025-03-03 16:28:47-05:00,No,No,No,
2025-03-03 16:28:40-05:00,No,Moses K.,,
2025-03-03 16:30:03-05:00,No,No,Jonathan S. Abady,Other (Please describe in next question)
2025-03-03 16:24:33-05:00,No,No,No,
2025-03-03 16:34:17-05:00,,,,
2025-03-03 16:37:46-05:00,No,No,No,Other (Please describe in next question)
2025-03-03 16:43:27-05:00,No,No,No,Other (Please describe in next question)
2025-03-03 16:44:42-05:00,No,No,No,
2025-03-03 16:45:02-05:00,,,,
2025-03-03 16:47:12-05:00,,,,
2025-03-03 16:47:11-05:00,No,No,No,Other (Please describe in next question)
2025-03-03 16:48:52-05:00,No,No,No,Facebook
2025-03-03 16:48:47-05:00,Yes,No,No,Other (Please describe in next question)
2025-03-03 16:49:48-05:00,,,,
2025-03-03 16:51:20-05:00,No,No,No,Other (Please describe in next question)
2025-03-03 16:50:54-05:00,No,Jackson W.,,
2025-03-03 16:51:32-05:00,No,Amirah A.,,
2025-03-03 16:53:37-05:00,No,Moses K.,,
2025-03-03 16:54:47-05:00,No,No,No,Other (Please describe in next question)
2025-03-03 16:54:16-05:00,No,No,No,TikTok
2025-03-03 16:55:32-05:00,,,,
2025-03-03 16:55:14-05:00,No,Moses K.,,
2025-03-03 16:58:33-05:00,No,Moses K.,,
2025-03-03 17:03:38-05:00,No,Moses K.,,
2025-03-03 17:04:28-05:00,Yes,No,No,Facebook
2025-03-03 17:02:51-05:00,,,,
2025-03-03 17:05:22-05:00,No,Moses K.,,
2025-03-03 17:06:16-05:00,No,Amirah A.,,
2025-03-03 17:06:52-05:00,No,No,No,
2025-03-03 17:06:32-05:00,No,Moses K.,,
2025-03-03 17:09:38-05:00,No,No,No,Other (Please describe in next question)
2025-03-03 17:12:41-05:00,No,No,No,Other (Please describe in next question)
2025-03-03 17:19:40-05:00,No,No,Charlamagne Tha God,Threads
2025-03-03 17:21:06-05:00,No,No,No,Other (Please describe in next question)
2025-03-03 17:21:02-05:00,No,Jackson W.,,
2025-03-03 17:21:51-05:00,No,Jackson W.,,
2025-03-03 17:23:03-05:00,No,No,No,Other (Please describe in next question)
2025-03-03 17:24:14-05:00,No,No,No,Other (Please describe in next question)
2025-03-03 17:23:55-05:00,No,Moses K.,,
2025-03-03 17:33:08-05:00,No,Moses K.,,
2025-03-03 17:34:08-05:00,No,No,No,Other (Please describe in next question)
2025-03-03 17:34:21-05:00,,,,
2025-03-03 17:34:58-05:00,No,No,No,Other (Please describe in next question)
2025-03-03 17:36:08-05:00,No,No,No,Other (Please describe in next question)
2025-03-03 17:37:39-05:00,No,Jayla N.,,
2025-03-03 17:51:38-05:00,No,No,No,Other (Please describe in next question)
2025-03-03 17:57:02-05:00,No,Moses K.,,
2025-03-03 17:58:00-05:00,No,No,No,Other (Please describe in next question)
2025-03-03 17:58:39-05:00,No,No,No,
2025-03-03 18:02:35-05:00,No,Moses K.,,
2025-03-03 18:04:40-05:00,No,No,No,Twitter/X
2025-03-03 18:08:02-05:00,No,No,No,LinkedIn
2025-03-03 18:22:47-05:00,No,No,No,Other (Please describe in next question)
2025-03-03 18:25:23-05:00,No,No,No,Facebook
2025-03-03 18:27:31-05:00,No,Moses K.,,
2025-03-03 18:28:45-05:00,Yes,No,No,Twitter/X
2025-03-03 18:30:52-05:00,No,No,No,
2025-03-03 18:31:40-05:00,No,Moses K.,,
2025-03-03 18:31:42-05:00,,,,
2025-03-03 18:50:49-05:00,No,Moses K.,,
2025-03-03 18:51:04-05:00,No,No,No,Other (Please describe in next question)
2025-03-03 18:53:37-05:00,No,No,No,LinkedIn
2025-03-03 18:56:03-05:00,No,No,No,Other (Please describe in next question)
2025-03-03 19:01:09-05:00,No,No,No,Other (Please describe in next question)
2025-03-03 19:13:55-05:00,No,Jackson W.,,
2025-03-03 19:21:59-05:00,No,No,No,
2025-03-03 19:36:41-05:00,,,,
2025-03-03 19:53:19-05:00,,,,
2025-03-03 19:56:13-05:00,No,Amirah A.,,
2025-03-03 19:57:49-05:00,No,No,No,
2025-03-03 19:57:21-05:00,,,,
2025-03-03 20:31:02-05:00,No,No,No,Threads
2025-03-03 20:35:20-05:00,No,No,No,Other (Please describe in next question)
2025-03-03 20:40:03-05:00,No,Moses K.,,
2025-03-03 20:47:54-05:00,No,No,No,Facebook
2025-03-03 20:53:38-05:00,No,No,No,Other (Please describe in next question)
2025-03-03 21:08:46-05:00,No,No,No,
2025-03-03 21:07:08-05:00,No,Moses K.,,
2025-03-03 21:10:36-05:00,,,,
2025-03-03 21:12:05-05:00,,,,
2025-03-03 21:36:59-05:00,No,No,Desiree Perez,
2025-03-03 21:37:38-05:00,No,Moses K.,,
2025-03-03 21:53:53-05:00,No,No,No,Facebook
2025-03-03 22:03:17-05:00,Yes,No,No,LinkedIn
2025-03-03 22:07:39-05:00,No,No,No,
2025-03-03 22:08:24-05:00,No,No,No,
2025-03-03 22:12:13-05:00,No,No,No,
2025-03-03 22:27:10-05:00,No,No,No,
2025-03-03 22:36:12-05:00,No,No,No,Other (Please describe in next question)
2025-03-03 22:43:38-05:00,No,No,No,Facebook
2025-03-03 22:47:42-05:00,No,No,No,Other (Please describe in next question)
2025-03-03 22:50:24-05:00,No,No,No,Other (Please describe in next question)
2025-03-03 22:53:06-05:00,No,No,No,Other (Please describe in next question)
2025-03-03 23:33:38-05:00,No,No,No,Other (Please describe in next question)
2025-03-03 23:34:16-05:00,No,No,No,Other (Please describe in next question)
2025-03-04 00:00:32-05:00,No,Jackson W.,,
2025-03-04 00:00:38-05:00,Yes,Troy S.,,
2025-03-04 00:41:48-05:00,No,No,No,LinkedIn
2025-03-04 01:02:30-05:00,No,No,No,Other (Please describe in next question)
2025-03-04 01:16:18-05:00,No,No,No,Other (Please describe in next question)
2025-03-04 01:32:52-05:00,No,No,No,
2025-03-04 02:15:43-05:00,Yes,Jackson W.,,
2025-03-04 02:24:57-05:00,No,No,No,Other (Please describe in next question)
2025-03-04 02:29:48-05:00,No,No,No,Facebook
2025-03-04 03:26:47-05:00,No,No,No,
2025-03-04 03:29:01-05:00,No,Jackson W.,,
2025-03-04 03:58:27-05:00,No,No,No,Other (Please describe in next question)
2025-03-04 06:04:40-05:00,Yes,Jackson W.,,
2025-03-04 06:09:38-05:00,No,No,No,Other (Please describe in next question)
2025-03-04 06:26:45-05:00,No,Amirah A.,,
2025-03-04 06:33:47-05:00,No,No,Tamika Mallory,Other (Please describe in next question)
2025-03-04 06:53:44-05:00,No,No,Tamika Mallory,Other (Please describe in next question)
2025-03-04 06:57:36-05:00,Yes,No,Tamika Mallory,Other (Please describe in next question)
2025-03-04 07:02:01-05:00,No,Troy S.,,
2025-03-04 07:06:29-05:00,No,No,No,
2025-03-04 07:10:57-05:00,No,No,No,Other (Please describe in next question)
2025-03-04 07:28:59-05:00,,,,
2025-03-04 07:43:38-05:00,No,No,No,
2025-03-04 07:49:17-05:00,No,No,No,
2025-03-04 08:02:11-05:00,No,Jackson W.,,
2025-03-04 08:09:40-05:00,,,,
2025-03-04 08:11:32-05:00,No,No,No,Facebook
2025-03-04 08:14:04-05:00,No,No,No,
2025-03-04 08:37:18-05:00,No,No,No,Other (Please describe in next question)
2025-03-04 08:45:45-05:00,No,Jackson W.,,
2025-03-04 08:45:48-05:00,No,Moses K.,,
2025-03-04 08:52:10-05:00,No,No,No,
2025-03-04 08:57:05-05:00,No,No,No,
2025-03-04 09:09:22-05:00,No,No,No,Other (Please describe in next question)
2025-03-04 09:11:56-05:00,No,No,No,Other (Please describe in next question)
2025-03-04 09:13:12-05:00,No,No,No,Other (Please describe in next question)
2025-03-04 09:19:49-05:00,,,,
2025-03-04 09:25:03-05:00,Yes,Jayla N.,,
2025-03-04 09:25:28-05:00,No,No,No,Other (Please describe in next question)
2025-03-04 09:28:16-05:00,No,No,No,Other (Please describe in next question)
2025-03-04 09:27:03-05:00,No,No,No,Other (Please describe in next question)
2025-03-04 09:42:34-05:00,Yes,No,No,Other (Please describe in next question)
2025-03-04 09:44:01-05:00,No,Breqlyne J.,,
2025-03-04 10:08:07-05:00,No,No,No,Other (Please describe in next question)
2025-03-04 10:18:43-05:00,No,No,No,
2025-03-04 10:19:32-05:00,No,Amirah A.,,
2025-03-04 10:25:03-05:00,No,No,No,LinkedIn
2025-03-04 10:40:31-05:00,No,No,No,Other (Please describe in next question)
2025-03-04 10:55:18-05:00,No,No,No,Other (Please describe in next question)
2025-03-04 11:10:07-05:00,,,,
2025-03-04 11:11:45-05:00,No,No,No,Threads
2025-03-04 11:24:53-05:00,No,No,No,
2025-03-04 11:27:26-05:00,No,No,Dasha Smith,
2025-03-04 11:39:20-05:00,No,No,Dasha Smith,
2025-03-04 11:41:23-05:00,Yes,No,Tamika Mallory,LinkedIn
2025-03-04 11:45:42-05:00,No,No,No,Other (Please describe in next question)
2025-03-04 11:57:11-05:00,,,,
2025-03-04 11:59:41-05:00,No,No,No,Other (Please describe in next question)
2025-03-04 12:00:10-05:00,,,,
2025-03-04 12:05:12-05:00,No,No,No,Other (Please describe in next question)
2025-03-04 12:06:42-05:00,,,,
2025-03-04 12:19:01-05:00,No,Moses K.,,
2025-03-04 12:27:53-05:00,No,No,No,Other (Please describe in next question)
2025-03-04 12:48:44-05:00,No,No,No,Other (Please describe in next question)
2025-03-04 13:09:03-05:00,No,No,No,Other (Please describe in next question)
2025-03-04 13:13:26-05:00,No,No,No,
2025-03-04 13:15:17-05:00,No,No,No,Other (Please describe in next question)
2025-03-04 14:02:40-05:00,No,No,No,
2025-03-04 14:12:49-05:00,,,,
2025-03-04 14:13:16-05:00,,,,
2025-03-04 14:19:24-05:00,No,Jackson W.,,
2025-03-04 14:21:17-05:00,,,,
2025-03-04 14:23:04-05:00,No,No,No,
2025-03-04 14:26:04-05:00,No,No,No,Other (Please describe in next question)
2025-03-04 14:28:47-05:00,,,,
2025-03-04 14:29:15-05:00,No,No,No,Other (Please describe in next question)
2025-03-04 14:32:31-05:00,,,,
2025-03-04 14:38:34-05:00,,,,
2025-03-04 14:41:51-05:00,Yes,No,No,Other (Please describe in next question)
2025-03-04 14:42:05-05:00,No,Jackson W.,,
2025-03-04 14:43:44-05:00,No,Jackson W.,,
2025-03-04 14:44:58-05:00,,,,
2025-03-04 14:47:20-05:00,No,No,No,
2025-03-04 14:49:26-05:00,No,No,No,Other (Please describe in next question)
2025-03-04 14:52:43-05:00,No,Jackson W.,,
2025-03-04 14:53:21-05:00,No,Jackson W.,,
2025-03-04 14:54:15-05:00,,,,
2025-03-04 14:57:27-05:00,No,No,No,
2025-03-04 14:58:30-05:00,Yes,No,No,
2025-03-04 14:58:28-05:00,No,No,No,
2025-03-04 15:00:53-05:00,Yes,No,No,LinkedIn
2025-03-04 15:01:55-05:00,No,Jackson W.,,
2025-03-04 15:08:22-05:00,No,Jackson W.,,
2025-03-04 15:11:21-05:00,No,Jayla N.,,
2025-03-04 15:12:34-05:00,,,,
2025-03-04 15:13:40-05:00,No,Jackson W.,,
2025-03-04 15:13:37-05:00,No,No,No,Other (Please describe in next question)
2025-03-04 15:13:43-05:00,No,Jayla N.,,
2025-03-04 15:20:08-05:00,,,,
2025-03-04 15:19:58-05:00,No,No,No,Other (Please describe in next question)
2025-03-04 15:20:40-05:00,,,,
2025-03-04 15:26:17-05:00,No,No,No,
2025-03-04 15:27:36-05:00,No,Jackson W.,,
2025-03-04 15:27:17-05:00,,,,
2025-03-04 15:28:23-05:00,No,No,No,Facebook
2025-03-04 15:33:23-05:00,No,No,Topeka K. Sam,
2025-03-04 15:34:39-05:00,,,,
2025-03-04 15:35:18-05:00,No,No,No,Other (Please describe in next question)
2025-03-04 15:40:24-05:00,No,Jackson W.,,
2025-03-04 15:42:53-05:00,No,No,No,Other (Please describe in next question)
2025-03-04 15:44:23-05:00,No,No,No,Other (Please describe in next question)
2025-03-04 15:45:04-05:00,No,No,No,Other (Please describe in next question)
2025-03-04 15:44:51-05:00,No,Jackson W.,,
2025-03-04 15:45:56-05:00,No,No,No,Other (Please describe in next question)
2025-03-04 15:46:17-05:00,,,,
2025-03-04 15:46:53-05:00,No,No,No,Other (Please describe in next question)
2025-03-04 15:48:02-05:00,No,Jackson W.,,
2025-03-04 15:49:55-05:00,,,,
2025-03-04 15:53:57-05:00,No,No,No,
2025-03-04 15:59:59-05:00,No,No,No,
2025-03-04 16:00:47-05:00,No,No,No,Other (Please describe in next question)
2025-03-04 16:04:11-05:00,No,No,No,
2025-03-04 16:04:24-05:00,No,No,No,
2025-03-04 16:04:32-05:00,No,Amirah A.,,
2025-03-04 16:04:54-05:00,No,Jackson W.,,
2025-03-04 16:04:20-05:00,No,No,Charlamagne Tha God,Other (Please describe in next question)
2025-03-04 16:06:34-05:00,Yes,No,Charlamagne Tha God,
2025-03-04 16:07:16-05:00,Yes,No,No,Other (Please describe in next question)
2025-03-04 16:07:49-05:00,No,No,No,Other (Please describe in next question)
2025-03-04 16:07:39-05:00,No,No,No,Other (Please describe in next question)
2025-03-04 16:11:52-05:00,No,No,No,Other (Please describe in next question)
2025-03-04 16:15:40-05:00,No,No,No,Other (Please describe in next question)
2025-03-04 16:16:09-05:00,No,No,No,Other (Please describe in next question)
2025-03-04 16:17:48-05:00,Yes,Jayla N.,,
2025-03-04 16:20:15-05:00,No,Jackson W.,,
2025-03-04 16:22:52-05:00,No,No,No,Other (Please describe in next question)
2025-03-04 16:24:14-05:00,No,Jackson W.,,
2025-03-04 16:24:20-05:00,No,No,No,LinkedIn
2025-03-04 16:24:06-05:00,No,No,No,Other (Please describe in next question)
2025-03-04 16:24:15-05:00,No,No,No,
2025-03-04 16:26:22-05:00,No,No,No,Facebook
2025-03-04 16:26:27-05:00,No,Jackson W.,,
2025-03-04 16:32:54-05:00,Yes,No,No,
2025-03-04 16:34:53-05:00,,,,
2025-03-04 16:39:02-05:00,No,Jackson W.,,
2025-03-04 16:40:24-05:00,Yes,Moses K.,,
2025-03-04 16:41:23-05:00,No,Moses K.,,
2025-03-04 16:41:00-05:00,,,,
2025-03-04 16:44:23-05:00,No,No,No,Other (Please describe in next question)
2025-03-04 16:44:24-05:00,,,,
2025-03-04 16:45:00-05:00,No,No,No,Other (Please describe in next question)
2025-03-04 16:47:36-05:00,No,Moses K.,,
2025-03-04 16:47:32-05:00,No,Jackson W.,,
2025-03-04 16:49:50-05:00,Yes,No,No,Other (Please describe in next question)
2025-03-04 16:55:58-05:00,,,,
2025-03-04 16:58:29-05:00,,,,
2025-03-04 17:01:32-05:00,No,No,No,Other (Please describe in next question)
2025-03-04 17:01:35-05:00,No,Moses K.,,
2025-03-04 17:00:36-05:00,No,No,No,Other (Please describe in next question)
2025-03-04 17:02:56-05:00,No,No,No,
2025-03-04 17:07:05-05:00,No,No,No,Other (Please describe in next question)
2025-03-04 17:08:56-05:00,No,No,No,Other (Please describe in next question)
2025-03-04 17:12:09-05:00,No,No,Desiree Perez,
2025-03-04 17:15:53-05:00,No,No,No,Other (Please describe in next question)
2025-03-04 17:22:40-05:00,Yes,Jackson W.,,
2025-03-04 17:23:48-05:00,,,,
2025-03-04 17:26:00-05:00,,,,
2025-03-04 17:38:37-05:00,,,,
2025-03-04 17:40:23-05:00,No,Jackson W.,,
2025-03-04 17:43:45-05:00,No,No,No,Other (Please describe in next question)
2025-03-04 17:44:52-05:00,,,,
2025-03-04 17:55:59-05:00,No,No,No,Other (Please describe in next question)
2025-03-04 17:59:39-05:00,,,,
2025-03-04 18:02:45-05:00,No,No,No,Other (Please describe in next question)
2025-03-04 18:03:09-05:00,No,Jackson W.,,
2025-03-04 18:04:41-05:00,No,No,No,Other (Please describe in next question)
2025-03-04 18:11:21-05:00,No,Jackson W.,,
2025-03-04 18:12:34-05:00,,,,
2025-03-04 18:12:38-05:00,No,No,No,Other (Please describe in next question)
2025-03-04 18:16:07-05:00,,,,
2025-03-04 18:15:25-05:00,No,No,No,Facebook
2025-03-04 18:17:05-05:00,No,Jackson W.,,
2025-03-04 18:27:21-05:00,No,No,No,
2025-03-04 18:34:02-05:00,No,No,No,Other (Please describe in next question)
2025-03-04 18:38:36-05:00,No,No,No,Other (Please describe in next question)
2025-03-04 18:39:43-05:00,No,No,No,
2025-03-04 18:40:26-05:00,No,No,No,Other (Please describe in next question)
2025-03-04 18:40:00-05:00,,,,
2025-03-04 18:43:46-05:00,No,Jackson W.,,
2025-03-04 18:46:58-05:00,No,Jackson W.,,
2025-03-04 18:48:44-05:00,No,No,No,Other (Please describe in next question)
2025-03-04 18:51:28-05:00,No,No,No,Other (Please describe in next question)
2025-03-04 18:52:39-05:00,No,No,No,LinkedIn
2025-03-04 18:54:39-05:00,No,No,No,Other (Please describe in next question)
2025-03-04 18:56:09-05:00,No,No,No,
2025-03-04 19:02:14-05:00,No,No,No,Other (Please describe in next question)
2025-03-04 19:03:13-05:00,No,No,No,
2025-03-04 19:06:15-05:00,No,No,No,
2025-03-04 19:09:07-05:00,No,No,No,
2025-03-04 19:15:41-05:00,,,,
2025-03-04 19:16:39-05:00,,,,
2025-03-04 19:19:15-05:00,Yes,No,Charlamagne Tha God,Other (Please describe in next question)
2025-03-04 19:21:05-05:00,No,No,Charlamagne Tha God,Other (Please describe in next question)
2025-03-04 19:26:06-05:00,No,Jackson W.,,
2025-03-04 19:27:08-05:00,No,No,David Wander,Other (Please describe in next question)
2025-03-04 19:29:46-05:00,No,No,No,Other (Please describe in next question)
2025-03-04 19:34:55-05:00,No,No,No,
2025-03-04 19:35:15-05:00,No,Raven C.,,
2025-03-04 19:35:40-05:00,No,No,No,Other (Please describe in next question)
2025-03-04 19:37:14-05:00,Yes,Raven C.,,
2025-03-04 19:39:30-05:00,,,,
2025-03-04 19:45:52-05:00,No,No,Joshua Dubin,
2025-03-04 19:55:02-05:00,Yes,No,No,Facebook
2025-03-04 19:56:17-05:00,No,No,No,Other (Please describe in next question)
2025-03-04 20:15:11-05:00,,,,
2025-03-04 20:21:24-05:00,No,No,Rebecca Brown,Facebook
2025-03-04 20:37:56-05:00,,,,
2025-03-04 20:38:12-05:00,No,Moses K.,,
2025-03-04 20:48:23-05:00,,,,
2025-03-04 20:53:09-05:00,No,No,No,
2025-03-04 20:54:48-05:00,Yes,No,No,
2025-03-04 20:56:13-05:00,No,No,No,Other (Please describe in next question)
2025-03-04 21:22:05-05:00,No,No,No,Other (Please describe in next question)
2025-03-04 21:27:11-05:00,,,,
2025-03-04 21:30:43-05:00,No,Jackson W.,,
2025-03-04 21:37:22-05:00,No,No,No,Other (Please describe in next question)
2025-03-04 21:38:18-05:00,No,No,No,
2025-03-04 21:42:12-05:00,No,No,No,Other (Please describe in next question)
2025-03-04 21:44:42-05:00,No,No,Carmen Perez,Other (Please describe in next question)
2025-03-04 21:49:44-05:00,No,Moses K.,,
2025-03-04 21:50:46-05:00,,,,
2025-03-04 21:53:36-05:00,Yes,No,No,Other (Please describe in next question)
2025-03-04 22:17:32-05:00,Yes,Moses K.,,
2025-03-04 22:17:39-05:00,No,No,No,Other (Please describe in next question)
2025-03-04 22:23:08-05:00,,,,
2025-03-04 22:24:48-05:00,No,No,No,
2025-03-04 22:29:14-05:00,No,Troy S.,,
2025-03-04 22:35:14-05:00,,,,
2025-03-04 22:38:30-05:00,No,Jackson W.,,
2025-03-04 22:53:39-05:00,No,No,No,Other (Please describe in next question)
2025-03-04 23:08:05-05:00,Yes,No,No,
2025-03-04 23:13:42-05:00,No,No,No,Other (Please describe in next question)
2025-03-04 23:16:01-05:00,,,,
2025-03-04 23:35:39-05:00,Yes,No,No,Other (Please describe in next question)
2025-03-04 23:40:01-05:00,No,Moses K.,,
2025-03-04 23:42:15-05:00,No,No,No,Other (Please describe in next question)
2025-03-04 23:59:46-05:00,No,Moses K.,,
2025-03-05 00:05:33-05:00,No,Jackson W.,,
2025-03-05 00:07:05-05:00,No,No,No,Other (Please describe in next question)
2025-03-05 00:16:31-05:00,No,No,No,Other (Please describe in next question)
2025-03-05 00:31:11-05:00,No,No,No,Other (Please describe in next question)
2025-03-05 00:52:42-05:00,No,Moses K.,,
2025-03-05 01:28:11-05:00,,,,
2025-03-05 01:42:06-05:00,No,No,No,Facebook
2025-03-05 02:03:15-05:00,No,No,No,Other (Please describe in next question)
2025-03-05 04:07:45-05:00,No,No,No,Other (Please describe in next question)
2025-03-05 04:43:13-05:00,No,Moses K.,,
2025-03-05 05:34:36-05:00,Yes,Moses K.,,
2025-03-05 05:46:30-05:00,No,No,Mysonne Linen,
2025-03-05 06:07:08-05:00,,,,
2025-03-05 06:39:01-05:00,No,No,No,
2025-03-05 06:46:31-05:00,No,No,No,
2025-03-05 06:54:17-05:00,No,No,No,Other (Please describe in next question)
2025-03-05 07:20:13-05:00,,,,
2025-03-05 07:32:45-05:00,No,No,No,
2025-03-05 08:00:37-05:00,No,No,No,Other (Please describe in next question)
2025-03-05 08:06:40-05:00,Yes,No,No,
2025-03-05 08:16:45-05:00,No,No,No,
2025-03-05 08:36:20-05:00,Yes,No,No,Other (Please describe in next question)
2025-03-05 08:44:24-05:00,Yes,No,No,Other (Please describe in next question)
2025-03-05 08:54:05-05:00,No,Moses K.,,
2025-03-05 09:00:00-05:00,,,,
2025-03-05 09:03:20-05:00,No,Jackson W.,,
2025-03-05 09:06:11-05:00,No,Jackson W.,,
2025-03-05 09:06:23-05:00,No,No,No,Other (Please describe in next question)
2025-03-05 09:51:58-05:00,No,No,No,Other (Please describe in next question)
2025-03-05 09:51:30-05:00,No,No,No,
2025-03-05 10:26:50-05:00,No,No,No,Other (Please describe in next question)
2025-03-05 10:28:52-05:00,No,Jackson W.,,
2025-03-05 10:31:56-05:00,,,,
2025-03-05 10:50:27-05:00,No,No,No,Other (Please describe in next question)
2025-03-05 10:50:30-05:00,No,Jackson W.,,
2025-03-05 10:56:40-05:00,No,No,Angela Rye,Other (Please describe in next question)
2025-03-05 10:58:13-05:00,No,Jackson W.,,
2025-03-05 10:57:30-05:00,No,No,Topeka K. Sam,
2025-03-05 11:03:06-05:00,No,No,No,Other (Please describe in next question)
2025-03-05 11:04:51-05:00,No,No,No,LinkedIn
2025-03-05 11:04:52-05:00,No,No,No,Other (Please describe in next question)
2025-03-05 11:21:26-05:00,No,No,No,Other (Please describe in next question)
2025-03-05 11:21:27-05:00,No,No,No,Other (Please describe in next question)
2025-03-05 11:24:06-05:00,No,Moses K.,,
2025-03-05 11:28:16-05:00,No,Troy S.,,
2025-03-05 11:35:18-05:00,No,No,K.C. Fox,
2025-03-05 11:40:52-05:00,No,No,No,Facebook
2025-03-05 11:48:39-05:00,No,No,No,Other (Please describe in next question)
2025-03-05 11:51:15-05:00,No,No,Michelle Kenney,
2025-03-05 11:54:23-05:00,No,No,No,
2025-03-05 11:57:27-05:00,No,Jackson W.,,
2025-03-05 12:12:01-05:00,,,,
2025-03-05 12:15:59-05:00,,,,
2025-03-05 12:16:23-05:00,,,,
2025-03-05 12:32:36-05:00,No,No,No,LinkedIn
2025-03-05 12:45:12-05:00,No,No,No,Other (Please describe in next question)
2025-03-05 12:46:31-05:00,No,No,No,Other (Please describe in next question)
2025-03-05 12:47:23-05:00,No,No,No,Other (Please describe in next question)
2025-03-05 12:49:20-05:00,No,No,Charlamagne Tha God,Other (Please describe in next question)
2025-03-05 12:53:25-05:00,Yes,Troy S.,,
2025-03-05 13:01:01-05:00,No,No,No,Other (Please describe in next question)
2025-03-05 13:02:12-05:00,,,,
2025-03-05 13:02:39-05:00,Yes,Jayla N.,,
2025-03-05 13:05:06-05:00,Yes,No,No,Other (Please describe in next question)
2025-03-05 13:16:26-05:00,No,No,No,
2025-03-05 13:18:02-05:00,No,No,No,Other (Please describe in next question)
2025-03-05 13:22:07-05:00,No,No,No,Other (Please describe in next question)
2025-03-05 13:23:16-05:00,No,No,No,
2025-03-05 13:32:37-05:00,No,No,No,Other (Please describe in next question)
2025-03-05 13:39:48-05:00,No,No,No,
2025-03-05 13:42:47-05:00,No,Jackson W.,,
2025-03-05 13:45:38-05:00,Yes,No,No,
2025-03-05 13:54:23-05:00,No,No,No,Other (Please describe in next question)
2025-03-05 13:56:54-05:00,No,Jackson W.,,
2025-03-05 13:59:58-05:00,No,No,No,Other (Please describe in next question)
2025-03-05 14:11:05-05:00,,,,
2025-03-05 14:21:59-05:00,No,Jackson W.,,
2025-03-05 14:22:54-05:00,,,,
2025-03-05 14:27:00-05:00,No,No,No,Other (Please describe in next question)
2025-03-05 14:27:29-05:00,No,No,No,Other (Please describe in next question)
2025-03-05 14:35:39-05:00,No,No,No,Other (Please describe in next question)
2025-03-05 14:35:50-05:00,,,,
2025-03-05 14:50:51-05:00,No,No,Tamika Mallory,Other (Please describe in next question)
2025-03-05 15:48:28-05:00,Yes,No,No,Other (Please describe in next question)
2025-03-05 16:04:42-05:00,Yes,No,No,Other (Please describe in next question)
2025-03-05 16:09:21-05:00,,,,
2025-03-05 16:11:36-05:00,No,No,No,Other (Please describe in next question)
2025-03-05 16:11:50-05:00,No,No,No,Other (Please describe in next question)
2025-03-05 16:45:31-05:00,,,,
2025-03-05 16:47:58-05:00,No,Moses K.,,
2025-03-05 17:15:42-05:00,No,No,No,Facebook
2025-03-05 17:16:09-05:00,No,No,No,Other (Please describe in next question)
2025-03-05 17:18:28-05:00,,,,
2025-03-05 17:21:08-05:00,No,No,No,Facebook
2025-03-05 17:22:16-05:00,No,No,No,
2025-03-05 17:50:06-05:00,No,No,No,Other (Please describe in next question)
2025-03-05 18:02:20-05:00,No,No,No,Other (Please describe in next question)
2025-03-05 18:54:34-05:00,,,,
2025-03-05 19:04:32-05:00,No,No,No,Other (Please describe in next question)
2025-03-05 19:08:34-05:00,No,No,No,Other (Please describe in next question)
2025-03-05 19:25:38-05:00,Yes,No,No,
2025-03-05 20:17:27-05:00,No,No,No,
2025-03-05 20:19:31-05:00,No,No,Gayle King,Other (Please describe in next question)
2025-03-05 20:58:33-05:00,,,,
2025-03-05 21:02:53-05:00,Yes,Britney T.,,
2025-03-05 21:09:34-05:00,,,,
2025-03-05 21:39:38-05:00,,,,
2025-03-05 22:01:23-05:00,No,No,No,Other (Please describe in next question)
2025-03-05 22:33:03-05:00,No,No,No,TikTok
2025-03-05 22:34:55-05:00,,,,
2025-03-05 22:38:50-05:00,No,No,No,Other (Please describe in next question)
2025-03-05 23:05:16-05:00,Yes,Moses K.,,
2025-03-05 23:42:09-05:00,No,No,No,Other (Please describe in next question)
2025-03-05 23:47:52-05:00,No,No,No,Other (Please describe in next question)
2025-03-06 00:02:45-05:00,No,No,No,
2025-03-06 00:25:07-05:00,Yes,No,No,Facebook
2025-03-06 00:32:33-05:00,Yes,No,No,Other (Please describe in next question)
2025-03-06 01:18:32-05:00,No,No,No,
2025-03-06 07:37:55-05:00,,,,
2025-03-06 07:59:06-05:00,No,Breqlyne J.,,
2025-03-06 08:07:47-05:00,Yes,No,No,Other (Please describe in next question)
2025-03-06 09:25:53-05:00,No,No,No,Other (Please describe in next question)
2025-03-06 09:29:50-05:00,No,No,No,Other (Please describe in next question)
2025-03-06 09:40:14-05:00,No,Jackson W.,,
2025-03-06 10:14:08-05:00,Yes,Jackson W.,,
2025-03-06 10:15:11-05:00,No,No,No,Other (Please describe in next question)
2025-03-06 10:19:49-05:00,No,No,No,
2025-03-06 10:20:39-05:00,Yes,Jackson W.,,
2025-03-06 10:21:45-05:00,No,Moses K.,,
2025-03-06 10:26:54-05:00,No,Jackson W.,,
2025-03-06 10:50:03-05:00,No,Moses K.,,
2025-03-06 10:54:21-05:00,No,Jayla N.,,
2025-03-06 11:02:17-05:00,No,No,No,Other (Please describe in next question)
2025-03-06 11:10:03-05:00,No,No,No,
2025-03-06 12:35:28-05:00,No,No,Dr. Tiffany Crutcher,
2025-03-06 12:41:53-05:00,No,No,No,Other (Please describe in next question)
2025-03-06 12:55:22-05:00,No,No,No,
2025-03-06 13:56:44-05:00,No,No,No,Other (Please describe in next question)
2025-03-06 14:12:29-05:00,No,Moses K.,,
2025-03-06 14:21:29-05:00,Yes,Jayla N.,,
2025-03-06 14:22:37-05:00,Yes,No,No,Other (Please describe in next question)
2025-03-06 14:32:29-05:00,No,No,No,
2025-03-06 15:34:20-05:00,No,No,No,Other (Please describe in next question)
2025-03-06 15:36:24-05:00,,,,
2025-03-06 15:53:14-05:00,Yes,Moses K.,,
2025-03-06 16:07:10-05:00,,,,
2025-03-06 16:18:27-05:00,Yes,Jackson W.,,
2025-03-06 16:26:39-05:00,No,No,No,
2025-03-06 17:25:15-05:00,No,No,No,
2025-03-06 19:15:13-05:00,,,,
2025-03-06 21:32:50-05:00,No,Britney T.,,
2025-03-06 22:22:28-05:00,No,No,No,Other (Please describe in next question)
2025-03-06 23:38:51-05:00,,,,
2025-03-06 23:42:58-05:00,No,No,No,Other (Please describe in next question)
2025-03-06 23:50:09-05:00,No,No,No,Other (Please describe in next question)
2025-03-06 23:57:33-05:00,No,No,No,Other (Please describe in next question)
2025-03-07 00:22:13-05:00,No,Jackson W.,,
2025-03-07 00:24:41-05:00,No,No,No,Other (Please describe in next question)
2025-03-07 00:30:27-05:00,,,,
2025-03-07 04:10:58-05:00,Yes,Jackson W.,,
2025-03-07 04:23:08-05:00,No,No,No,LinkedIn
2025-03-07 05:37:01-05:00,No,No,Charlamagne Tha God,Facebook
2025-03-07 06:38:50-05:00,,,,
2025-03-07 06:44:09-05:00,Yes,No,No,Facebook
2025-03-07 06:59:39-05:00,No,No,No,Other (Please describe in next question)
2025-03-07 08:01:33-05:00,,,,
2025-03-07 08:09:44-05:00,No,No,No,Other (Please describe in next question)
2025-03-07 08:55:04-05:00,No,No,Carmen Perez,
2025-03-07 09:17:43-05:00,No,No,No,
2025-03-07 09:23:11-05:00,Yes,No,No,Other (Please describe in next question)
2025-03-07 09:38:39-05:00,Yes,Breqlyne J.,,
2025-03-07 10:23:11-05:00,Yes,No,S. Lee Merritt,
2025-03-07 10:47:41-05:00,No,No,No,Other (Please describe in next question)
2025-03-07 10:53:09-05:00,No,Breqlyne J.,,
2025-03-07 10:55:57-05:00,No,No,Dasha Smith,Other (Please describe in next question)
2025-03-07 10:58:32-05:00,No,No,No,Other (Please describe in next question)
2025-03-07 11:03:19-05:00,Yes,No,No,Other (Please describe in next question)
2025-03-07 11:06:57-05:00,No,Jackson W.,,
2025-03-07 11:09:51-05:00,No,Jackson W.,,
2025-03-07 11:10:32-05:00,No,No,No,Other (Please describe in next question)
2025-03-07 11:16:35-05:00,,,,
2025-03-07 11:34:01-05:00,No,No,No,Facebook
2025-03-07 11:42:20-05:00,No,No,No,Other (Please describe in next question)
2025-03-07 11:46:15-05:00,No,Jackson W.,,
2025-03-07 11:51:30-05:00,No,No,No,Facebook
2025-03-07 11:53:56-05:00,No,No,No,Other (Please describe in next question)
2025-03-07 11:56:37-05:00,No,No,No,
2025-03-07 12:04:19-05:00,No,Jackson W.,,
2025-03-07 12:06:34-05:00,Yes,Jackson W.,,
2025-03-07 12:09:47-05:00,Yes,No,No,Other (Please describe in next question)
2025-03-07 12:14:58-05:00,No,No,No,Facebook
2025-03-07 12:17:52-05:00,No,No,No,
2025-03-07 12:27:14-05:00,No,No,No,Other (Please describe in next question)
2025-03-07 12:29:47-05:00,Yes,No,No,
2025-03-07 12:32:59-05:00,No,Jackson W.,,
2025-03-07 12:38:44-05:00,Yes,No,No,Other (Please describe in next question)
2025-03-07 12:40:35-05:00,No,No,No,Other (Please describe in next question)
2025-03-07 12:50:11-05:00,No,Troy S.,,
2025-03-07 13:00:31-05:00,No,No,Faith Leach,Other (Please describe in next question)
2025-03-07 13:11:29-05:00,No,No,No,Other (Please describe in next question)
2025-03-07 13:13:51-05:00,,,,
2025-03-07 13:15:19-05:00,No,Jackson W.,,
2025-03-07 13:18:11-05:00,No,No,No,
2025-03-07 13:27:20-05:00,No,No,No,Other (Please describe in next question)
2025-03-07 13:34:02-05:00,No,Amirah A.,,
2025-03-07 13:38:53-05:00,,,,
2025-03-07 13:40:34-05:00,No,No,No,Other (Please describe in next question)
2025-03-07 13:48:32-05:00,Yes | No,Jackson W.,,
2025-03-07 13:53:01-05:00,,,,
2025-03-07 14:17:47-05:00,No,No,No,Other (Please describe in next question)
2025-03-07 14:20:01-05:00,No,No,No,
2025-03-07 14:30:43-05:00,No,No,No,Other (Please describe in next question)
2025-03-07 14:39:29-05:00,No,No,No,
2025-03-07 14:40:18-05:00,No,Moses K.,,
2025-03-07 14:47:22-05:00,Yes,No,No,Other (Please describe in next question)
2025-03-07 14:47:43-05:00,,,,
2025-03-07 14:51:37-05:00,No,No,No,Other (Please describe in next question)
2025-03-07 14:59:38-05:00,No,No,No,LinkedIn
2025-03-07 15:01:12-05:00,No,Jackson W.,,
2025-03-07 15:01:46-05:00,No,No,No,LinkedIn
2025-03-07 15:05:20-05:00,No,No,No,Other (Please describe in next question)
2025-03-07 15:12:15-05:00,No,No,No,
2025-03-07 15:14:07-05:00,,,,
2025-03-07 15:17:05-05:00,No,No,No,Other (Please describe in next question)
2025-03-07 15:18:05-05:00,No,No,No,Facebook
2025-03-07 15:28:04-05:00,No,No,No,
2025-03-07 15:32:12-05:00,No,No,No,
2025-03-07 16:00:56-05:00,No,No,No,
2025-03-07 16:01:28-05:00,,,,
2025-03-07 16:03:10-05:00,No,No,K.C. Fox,TikTok
2025-03-07 16:03:42-05:00,No,No,No,Facebook
2025-03-07 16:14:47-05:00,No,No,No,
2025-03-07 16:16:51-05:00,No,No,No,Other (Please describe in next question)
2025-03-07 16:22:09-05:00,No,No,No,Facebook
2025-03-07 16:27:23-05:00,No,No,No,Facebook
2025-03-07 16:31:23-05:00,No,No,No,Other (Please describe in next question)
2025-03-07 16:34:00-05:00,No,No,No,Other (Please describe in next question)
2025-03-07 17:19:38-05:00,Yes,Breqlyne J.,,
2025-03-07 17:50:19-05:00,No,Jackson W.,,
2025-03-07 17:53:00-05:00,No,No,No,Other (Please describe in next question)
2025-03-07 17:57:41-05:00,No,No,No,LinkedIn
2025-03-07 18:06:56-05:00,No,No,No,Threads
2025-03-07 18:16:03-05:00,Yes,No,No,
2025-03-07 18:30:05-05:00,No,No,No,
2025-03-07 18:34:26-05:00,No,No,No,Other (Please describe in next question)
2025-03-07 18:37:54-05:00,No,No,Van Jones,
2025-03-07 18:38:21-05:00,No,No,No,Other (Please describe in next question)
2025-03-07 18:40:10-05:00,No,No,Rebecca Brown,Other (Please describe in next question)
2025-03-07 19:12:34-05:00,No,No,No,
2025-03-07 19:12:42-05:00,No,No,No,
2025-03-07 19:39:27-05:00,No,No,No,Other (Please describe in next question)
2025-03-07 19:46:16-05:00,,,,
2025-03-07 20:01:51-05:00,No,Breqlyne J.,,
2025-03-07 20:05:45-05:00,No,No,No,Other (Please describe in next question)
2025-03-07 20:15:59-05:00,Yes,No,No,Other (Please describe in next question)
2025-03-07 20:22:16-05:00,No,No,No,Other (Please describe in next question)
2025-03-07 20:26:04-05:00,No,No,No,Other (Please describe in next question)
2025-03-07 21:03:27-05:00,No,Jackson W.,,
2025-03-07 21:40:23-05:00,Yes,No,No,Other (Please describe in next question)
2025-03-07 21:42:40-05:00,No,No,No,Other (Please describe in next question)
2025-03-07 21:44:16-05:00,No,No,No,Other (Please describe in next question)
2025-03-07 21:48:44-05:00,,,,
2025-03-07 22:01:44-05:00,No,No,No,Facebook
2025-03-07 22:23:40-05:00,No,No,No,
2025-03-07 22:42:08-05:00,,,,
2025-03-07 23:02:44-05:00,,,,
2025-03-07 23:54:45-05:00,No,No,No,
2025-03-08 00:38:01-05:00,No,No,No,Other (Please describe in next question)
2025-03-08 01:11:38-05:00,No,No,No,Other (Please describe in next question)
2025-03-08 01:21:54-05:00,No,No,No,Other (Please describe in next question)
2025-03-08 02:05:11-05:00,No,No,No,Facebook
2025-03-08 02:14:04-05:00,No,No,No,
2025-03-08 05:27:53-05:00,No,No,No,Threads
2025-03-08 07:07:00-05:00,No,No,No,Facebook
2025-03-08 07:09:31-05:00,No,No,No,
2025-03-08 07:15:07-05:00,No,No,No,Facebook
2025-03-08 09:47:10-05:00,Yes,No,No,Other (Please describe in next question)
2025-03-08 09:58:42-05:00,,,,
2025-03-08 10:05:31-05:00,No,No,No,Other (Please describe in next question)
2025-03-08 10:07:21-05:00,No,No,No,Other (Please describe in next question)
2025-03-08 10:14:54-05:00,No,No,No,Other (Please describe in next question)
2025-03-08 10:19:29-05:00,,,,
2025-03-08 10:21:23-05:00,No,No,No,
2025-03-08 10:23:30-05:00,No,No,No,Other (Please describe in next question)
2025-03-08 10:29:54-05:00,No,No,No,Other (Please describe in next question)
2025-03-08 11:57:31-05:00,No,No,No,
2025-03-08 11:59:32-05:00,No,No,No,Other (Please describe in next question)
2025-03-08 12:11:13-05:00,No,No,No,
2025-03-08 12:13:23-05:00,No,No,No,
2025-03-08 12:15:40-05:00,Yes,No,No,
2025-03-08 12:27:06-05:00,Yes,No,No,Facebook
2025-03-08 12:58:16-05:00,No,No,Charlamagne Tha God,Facebook
2025-03-08 13:33:22-05:00,No,Jackson W.,,
2025-03-08 14:27:29-05:00,,,,
2025-03-08 14:41:34-05:00,No,No,No,
2025-03-08 14:41:37-05:00,,,,
2025-03-08 14:43:27-05:00,Yes,No,No,Facebook
2025-03-08 14:42:32-05:00,No,No,No,Other (Please describe in next question)
2025-03-08 16:01:49-05:00,Yes,No,No,LinkedIn
2025-03-08 16:24:36-05:00,No,No,No,Facebook
2025-03-08 17:24:37-05:00,,,,
2025-03-08 18:47:18-05:00,No,No,No,LinkedIn
2025-03-08 19:08:06-05:00,No,No,No,LinkedIn
2025-03-08 20:23:56-05:00,,,,
2025-03-08 21:03:46-05:00,No,No,No,Facebook
2025-03-08 21:23:51-05:00,No,No,No,Other (Please describe in next question)
2025-03-08 21:56:06-05:00,Yes,No,No,
2025-03-08 22:53:09-05:00,No,No,No,Facebook
2025-03-09 00:08:48-05:00,No,Amirah A.,,
2025-03-09 00:16:26-05:00,No,No,Benjamin Crump,Other (Please describe in next question)
2025-03-09 01:27:55-05:00,Yes,No,Desiree Perez,Other (Please describe in next question)
2025-03-09 05:36:24-04:00,No,No,No,Other (Please describe in next question)
2025-03-09 09:56:44-04:00,No,No,No,
2025-03-09 10:59:51-04:00,No,No,No,Other (Please describe in next question)
2025-03-09 11:40:04-04:00,No,No,No,Other (Please describe in next question)
2025-03-09 12:49:33-04:00,No,No,No,Facebook
2025-03-09 13:01:13-04:00,No,Jackson W.,,
2025-03-09 14:32:19-04:00,Yes,No,No,
2025-03-09 14:43:43-04:00,No,No,No,Other (Please describe in next question)
2025-03-09 14:59:41-04:00,No,No,No,Other (Please describe in next question)
2025-03-09 15:14:37-04:00,No,No,Mysonne Linen,Other (Please describe in next question)
2025-03-09 15:16:44-04:00,No,No,Mysonne Linen,Other (Please describe in next question)
2025-03-09 15:29:33-04:00,,,,
2025-03-09 17:21:25-04:00,No,No,Susan Taylor Batten,Other (Please describe in next question)
2025-03-09 18:22:12-04:00,No,Jackson W.,,
2025-03-09 18:32:58-04:00,,,,
2025-03-09 19:18:56-04:00,No,Moses K.,,
2025-03-09 19:50:59-04:00,No,No,No,
2025-03-09 21:05:25-04:00,,,,
2025-03-09 22:45:43-04:00,Yes,No,No,Other (Please describe in next question)
2025-03-09 23:02:21-04:00,Yes,No,No,Other (Please describe in next question)
2025-03-09 23:36:48-04:00,No,No,No,Other (Please describe in next question)
2025-03-10 01:25:20-04:00,No,Jackson W.,,
2025-03-10 03:43:47-04:00,,,,
2025-03-10 06:41:23-04:00,Yes,No,No,Other (Please describe in next question)
2025-03-10 06:52:11-04:00,No,No,No,Other (Please describe in next question)
2025-03-10 08:38:22-04:00,Yes,No,No,
2025-03-10 08:39:22-04:00,No,No,No,
2025-03-10 08:53:03-04:00,No,No,Van Jones,Other (Please describe in next question)
2025-03-10 09:01:03-04:00,No,No,No,
2025-03-10 09:39:07-04:00,No,No,No,Other (Please describe in next question)
2025-03-10 10:02:31-04:00,Yes,No,No,Other (Please describe in next question)
2025-03-10 10:19:07-04:00,No,No,Carmen Perez,
2025-03-10 10:24:07-04:00,No,No,No,Other (Please describe in next question)
2025-03-10 10:30:37-04:00,,,,
2025-03-10 10:32:16-04:00,No,No,No,
2025-03-10 10:37:56-04:00,No,No,No,Other (Please describe in next question)
2025-03-10 10:52:54-04:00,,,,
2025-03-10 11:01:52-04:00,,,,
2025-03-10 11:07:14-04:00,No,No,No,Facebook
2025-03-10 11:19:21-04:00,No,No,No,Other (Please describe in next question)
2025-03-10 11:21:23-04:00,No,No,No,Other (Please describe in next question)
2025-03-10 11:21:17-04:00,No,No,No,Other (Please describe in next question)
2025-03-10 11:32:19-04:00,No,No,No,LinkedIn
2025-03-10 12:12:34-04:00,Yes,No,No,Other (Please describe in next question)
2025-03-10 12:19:19-04:00,No,No,No,
2025-03-10 12:53:54-04:00,Yes,No,No,
2025-03-10 12:54:39-04:00,Yes,No,No,Other (Please describe in next question)
2025-03-10 12:49:05-04:00,,,,
2025-03-10 13:00:06-04:00,Yes,No,No,
2025-03-10 12:59:56-04:00,Yes,No,No,
2025-03-10 13:00:38-04:00,Yes,No,No,Other (Please describe in next question)
2025-03-10 13:02:42-04:00,No,No,No,Facebook
2025-03-10 13:20:05-04:00,Yes,No,No,Other (Please describe in next question)
2025-03-10 13:31:26-04:00,Yes,Breqlyne J.,,
2025-03-10 13:59:48-04:00,No,Jackson W.,,
2025-03-10 13:53:11-04:00,No,No,No,Other (Please describe in next question)
2025-03-10 14:36:49-04:00,Yes,No,No,
2025-03-10 14:44:41-04:00,No,No,No,Other (Please describe in next question)
2025-03-10 14:50:31-04:00,No,No,No,Other (Please describe in next question)
2025-03-10 14:54:44-04:00,Yes,No,No,Other (Please describe in next question)
2025-03-10 16:28:54-04:00,No,No,No,TikTok
2025-03-10 17:21:53-04:00,,,,
2025-03-10 17:30:05-04:00,No,No,No,
2025-03-10 17:59:12-04:00,No,No,No,Other (Please describe in next question)
2025-03-10 18:42:17-04:00,No,No,No,LinkedIn
2025-03-10 20:22:41-04:00,No,No,No,
2025-03-10 21:13:46-04:00,,,,
2025-03-10 21:16:13-04:00,No,No,No,Other (Please describe in next question)
2025-03-10 21:39:03-04:00,No,No,No,
2025-03-10 22:54:15-04:00,,,,
2025-03-11 01:01:23-04:00,Yes,No,No,Other (Please describe in next question)
2025-03-11 01:24:46-04:00,No,No,No,Other (Please describe in next question)
2025-03-11 08:55:03-04:00,,,,
2025-03-11 09:19:23-04:00,No,No,No,Other (Please describe in next question)
2025-03-11 09:26:58-04:00,,,,
2025-03-11 10:48:49-04:00,Yes,Troy S.,,
2025-03-11 12:03:46-04:00,No,No,No,Other (Please describe in next question)
2025-03-11 12:42:32-04:00,No,No,No,Other (Please describe in next question)
2025-03-11 13:31:44-04:00,No,No,No,
2025-03-11 13:31:31-04:00,No,No,No,
2025-03-11 13:37:37-04:00,,,,
2025-03-11 13:38:15-04:00,No,No,No,Other (Please describe in next question)
2025-03-11 16:31:18-04:00,No,No,No,Other (Please describe in next question)
2025-03-11 17:37:03-04:00,Yes,Jackson W.,,
2025-03-11 17:50:18-04:00,No,No,No,Other (Please describe in next question)
2025-03-11 18:04:27-04:00,No,No,No,Facebook
2025-03-11 18:18:39-04:00,,,,
2025-03-11 19:29:05-04:00,Yes,No,No,Other (Please describe in next question)
2025-03-11 20:21:03-04:00,,,,
2025-03-11 22:27:10-04:00,,,,
2025-03-11 23:27:49-04:00,No,No,No,
2025-03-12 01:00:41-04:00,No,No,Angela Rye,LinkedIn
2025-03-12 01:01:16-04:00,No,Jackson W.,,
2025-03-12 06:27:12-04:00,Yes,No,No,Other (Please describe in next question)
2025-03-12 06:29:36-04:00,No,No,No,Other (Please describe in next question)
2025-03-12 08:11:53-04:00,Yes,No,No,Other (Please describe in next question)
2025-03-12 08:55:48-04:00,No,Moses K.,,
2025-03-12 09:46:26-04:00,,,,
2025-03-12 09:58:15-04:00,,,,
2025-03-12 10:00:27-04:00,No,No,Benjamin Crump,Other (Please describe in next question)
2025-03-12 10:09:24-04:00,No,No,Benjamin Crump,Other (Please describe in next question)
2025-03-12 12:10:00-04:00,No,No,No,Other (Please describe in next question)
2025-03-12 12:41:28-04:00,No,No,No,Other (Please describe in next question)
2025-03-12 13:27:31-04:00,,,,
2025-03-12 13:28:42-04:00,,,,
2025-03-12 13:35:28-04:00,,,,
2025-03-12 14:53:56-04:00,No,No,No,Other (Please describe in next question)
2025-03-12 17:15:55-04:00,No,No,No,Other (Please describe in next question)
2025-03-12 17:24:43-04:00,No,No,David Wander,LinkedIn
2025-03-12 17:49:16-04:00,Yes,No,No,Other (Please describe in next question)
2025-03-12 17:55:13-04:00,No,No,No,Other (Please describe in next question)
2025-03-12 18:31:16-04:00,No,No,No,Facebook
2025-03-12 18:35:33-04:00,No,No,No,Facebook
2025-03-12 18:54:43-04:00,No,No,No,
2025-03-12 19:47:14-04:00,No,No,No,Other (Please describe in next question)
2025-03-12 20:20:16-04:00,No,No,No,Other (Please describe in next question)
2025-03-12 21:14:52-04:00,No,No,No,
2025-03-12 21:31:43-04:00,No,No,No,Other (Please describe in next question)
2025-03-12 22:00:01-04:00,No,No,No,Other (Please describe in next question)
2025-03-12 22:21:47-04:00,No,No,No,LinkedIn
2025-03-12 23:50:13-04:00,Yes,Jayla N.,,
2025-03-13 07:55:07-04:00,No,No,No,Other (Please describe in next question)
2025-03-13 09:04:52-04:00,Yes,Jayla N.,,
2025-03-13 10:24:12-04:00,No,No,Topeka K. Sam,Facebook
2025-03-13 12:47:23-04:00,Yes,No,No,Other (Please describe in next question)
2025-03-13 13:11:43-04:00,,,,
2025-03-13 13:14:50-04:00,No,No,No,Other (Please describe in next question)
2025-03-13 13:34:00-04:00,No,Jackson W.,,
2025-03-13 13:36:23-04:00,No,Jackson W.,,
2025-03-13 15:04:52-04:00,,,,
2025-03-13 16:16:38-04:00,,,,
2025-03-13 16:29:57-04:00,No,No,No,Other (Please describe in next question)
2025-03-13 16:43:38-04:00,No,No,No,Other (Please describe in next question)
2025-03-13 17:40:11-04:00,No,No,No,
2025-03-13 19:36:47-04:00,No,No,No,Other (Please describe in next question)
2025-03-13 19:36:23-04:00,No,Jackson W.,,
2025-03-13 19:42:18-04:00,No,Jackson W.,,
2025-03-13 20:18:32-04:00,No,Moses K.,,
2025-03-13 20:40:23-04:00,Yes,Jackson W.,,
2025-03-13 21:12:28-04:00,No,No,No,
2025-03-13 22:23:21-04:00,No,No,No,Threads
2025-03-13 22:37:01-04:00,,,,
2025-03-13 22:49:51-04:00,No,No,No,
2025-03-13 23:06:38-04:00,Yes,No,No,Other (Please describe in next question)
2025-03-13 23:19:07-04:00,No,No,No,Other (Please describe in next question)
2025-03-14 08:24:57-04:00,,,,
2025-03-14 10:43:43-04:00,,,,
2025-03-14 10:44:25-04:00,Yes,No,No,Other (Please describe in next question)
2025-03-14 10:59:39-04:00,Yes,No,No,
2025-03-14 11:02:57-04:00,No,No,No,Threads
2025-03-14 11:56:57-04:00,Yes,No,Jonathan S. Abady,Other (Please describe in next question)
2025-03-14 13:21:48-04:00,No,Moses K.,,
2025-03-14 13:43:52-04:00,No,No,Dania Diaz,Other (Please describe in next question)
2025-03-14 13:45:51-04:00,No,No,No,Other (Please describe in next question)
2025-03-14 15:12:26-04:00,No,No,No,
2025-03-14 15:46:51-04:00,,,,
2025-03-14 17:10:00-04:00,Yes,No,No,LinkedIn
2025-03-14 18:12:36-04:00,No,No,No,Other (Please describe in next question)
2025-03-14 18:41:48-04:00,No,No,No,Twitter/X
2025-03-14 21:13:14-04:00,No,No,No,Other (Please describe in next question)
2025-03-15 01:41:59-04:00,No,No,No,Other (Please describe in next question)
2025-03-15 10:07:52-04:00,Yes,No,No,LinkedIn
2025-03-15 11:54:14-04:00,No,No,No,Other (Please describe in next question)
2025-03-15 11:57:40-04:00,No,No,No,Other (Please describe in next question)
2025-03-15 19:02:32-04:00,No,No,No,
2025-03-15 20:49:37-04:00,No,No,No,
2025-03-15 21:33:58-04:00,,,,
2025-03-16 01:47:20-04:00,Yes,No,No,Other (Please describe in next question)
2025-03-16 06:48:04-04:00,,,,
2025-03-16 13:08:53-04:00,No,No,No,Other (Please describe in next question)
2025-03-16 15:08:42-04:00,Yes,No,No,Other (Please describe in next question)
2025-03-16 15:22:40-04:00,No,No,No,LinkedIn
2025-03-16 21:22:36-04:00,No,No,No,Facebook
2025-03-16 22:29:04-04:00,No,No,No,
2025-03-16 23:11:41-04:00,No,No,No,Other (Please describe in next question)
2025-03-17 09:45:51-04:00,No,No,No,Other (Please describe in next question)
2025-03-17 10:52:43-04:00,No,Breqlyne J.,,
2025-03-17 11:03:38-04:00,No,No,No,Other (Please describe in next question)
2025-03-17 11:17:34-04:00,,,,
2025-03-17 11:35:20-04:00,No,No,No,Other (Please describe in next question)
2025-03-17 11:35:28-04:00,No,No,No,Other (Please describe in next question)
2025-03-17 12:20:51-04:00,No,No,No,
2025-03-17 13:26:52-04:00,No,No,No,Other (Please describe in next question)
2025-03-17 14:05:11-04:00,Yes,Jayla N.,,
2025-03-17 14:08:57-04:00,Yes,Jayla N.,,
2025-03-17 14:38:22-04:00,Yes,No,No,LinkedIn
2025-03-17 14:39:59-04:00,Yes,No,No,
2025-03-17 21:11:07-04:00,No,No,No,
2025-03-17 22:07:34-04:00,No,No,No,Other (Please describe in next question)
2025-03-17 23:22:30-04:00,No,No,No,Threads
2025-03-17 23:50:10-04:00,,,,
2025-03-17 23:51:39-04:00,,,,
2025-03-18 00:13:08-04:00,,,,
2025-03-18 01:06:29-04:00,No,No,No,Facebook
2025-03-18 10:27:20-04:00,No,No,No,Other (Please describe in next question)
2025-03-18 10:34:37-04:00,No,No,No,Other (Please describe in next question)
2025-03-18 10:44:28-04:00,No,No,No,Other (Please describe in next question)
2025-03-18 11:03:04-04:00,No,No,No,Other (Please describe in next question)
2025-03-18 13:42:32-04:00,No,Jackson W.,,
2025-03-18 14:31:14-04:00,No,No,No,Other (Please describe in next question)
2025-03-18 14:37:32-04:00,No,Jackson W.,,
2025-03-18 14:52:08-04:00,No,No,No,
2025-03-18 14:59:55-04:00,No,No,No,
2025-03-18 15:41:41-04:00,No,No,No,
2025-03-18 16:45:02-04:00,No,No,No,Other (Please describe in next question)
2025-03-18 21:50:47-04:00,Yes,Amirah A.,,
2025-03-19 02:54:35-04:00,,,,
2025-03-19 03:04:48-04:00,,,,
2025-03-19 07:46:07-04:00,No,No,No,
2025-03-19 09:13:15-04:00,No,No,No,Other (Please describe in next question)
2025-03-19 09:15:41-04:00,No,No,No,Other (Please describe in next question)
2025-03-19 12:21:35-04:00,,,,
2025-03-19 15:55:31-04:00,,,,
2025-03-19 16:19:33-04:00,No,No,No,Other (Please describe in next question)
2025-03-19 18:08:56-04:00,,,,
2025-03-19 18:56:46-04:00,No,Jackson W.,,
2025-03-19 19:01:50-04:00,No,Jackson W.,,
2025-03-19 19:02:03-04:00,,,,
2025-03-19 21:21:39-04:00,,,,
2025-03-19 21:24:36-04:00,No,Amirah A.,,
2025-03-20 10:20:41-04:00,No,No,No,LinkedIn
2025-03-20 10:49:05-04:00,No,No,No,Other (Please describe in next question)
2025-03-20 11:25:04-04:00,,,,
2025-03-20 11:25:38-04:00,Yes,No,No,Other (Please describe in next question)
2025-03-20 11:27:31-04:00,,,,
2025-03-20 12:08:20-04:00,No,No,No,Other (Please describe in next question)
2025-03-20 12:53:14-04:00,Yes,Raven C.,,
2025-03-20 13:36:21-04:00,No,No,Jessica Jackson,Other (Please describe in next question)
2025-03-20 13:46:54-04:00,Yes,No,No,Other (Please describe in next question)
2025-03-20 14:29:30-04:00,,,,
2025-03-20 14:49:15-04:00,Yes,Amirah A.,,
2025-03-20 15:06:01-04:00,No,No,No,Other (Please describe in next question)
2025-03-20 16:24:43-04:00,No,No,No,Other (Please describe in next question)
2025-03-20 18:25:02-04:00,No,No,No,LinkedIn
2025-03-20 19:20:58-04:00,No,No,No,LinkedIn
2025-03-20 19:21:30-04:00,,,,
2025-03-20 21:57:01-04:00,Yes,No,No,
2025-03-20 21:59:55-04:00,No,Jackson W.,,
2025-03-20 23:02:52-04:00,No,No,No,Facebook
2025-03-20 23:06:16-04:00,No,No,No,Facebook
2025-03-21 08:05:10-04:00,No,Jackson W.,,
2025-03-21 09:28:09-04:00,,,,
2025-03-21 10:21:55-04:00,,,,
2025-03-21 10:31:03-04:00,,,,
2025-03-21 10:35:29-04:00,Yes,No,No,LinkedIn
2025-03-21 10:37:04-04:00,No,No,No,Other (Please describe in next question)
2025-03-21 11:18:02-04:00,,,,