Name,Attendees,Orders
Abington,1,1
Aguadilla,1,1
Albany,5,5
Alexandria,1,1
Allentown,1,1
Ambler,1,1
Antioch,1,1
Arlington,4,4
Asbury Park,1,1
Ashburn,1,1
Aston Mills,1,1
Atco,1,1
Atlanta,3,3
Aurora,1,1
Baltimore,5,5
Bayonne,1,1
Bergenfield,1,1
Bethel,1,1
Birmingham,1,1
Boerne,1,1
Boston,5,5
Bound Brook,1,1
Brackenridge,2,2
Breckenridge,1,1
Bridgeport,2,2
Bridgewater,1,1
Brooklyn,162,162
Bryn Mawr,1,1
Buford,1,1
Camp Hill,1,1
Cape Town,1,1
Charlotte,3,3
Charlotte Amalie,1,1
Cheltenham,1,1
Chestnut Hill,1,1
Chicago,3,3
Cicero,1,1
Citrus Heights,1,1
Cleveland,1,1
Clifton,1,1
Columbus,1,1
Concord,1,1
Deer Park,1,1
Delmar,1,1
Denton,1,1
Des Plaines,1,1
Detroit,1,1
District Heights,1,1
Doylestown,1,1
East Islip,1,1
East Rutherford,1,1
Ebensburg,1,1
Ellenwood,1,1
Encinitas,1,1
Fair Lawn,2,2
Fairfax,1,1
Fairport,1,1
Fitchburg,2,2
Floral Park,1,1
Fontana,1,1
Fords,1,1
Fort Lee,1,1
Fort Myers,1,1
Freeport,2,2
Garfield,2,2
Greenville,1,1
Hackensack,1,1
Hamden,2,2
Hammonton,1,1
Hampton,1,1
Harare,1,1
Hartford,5,5
Hempstead,2,2
Holtsville,1,1
Hopewell Junction,2,2
Huntsville,1,1
Huntsville,1,1
Hyattsville,3,3
Hyde Park,1,1
Indianapolis,1,1
Irvington,14,14
Jackson,1,1
Jersey City,5,5
Juárez,1,1
Katy,1,1
Kearny,2,2
Kingston,1,1
Lambeth,2,2
Lanham,1,1
Lansdowne,1,1
Levittown,1,1
Lewes,2,2
Lewisville,1,1
Linden,2,2
Long Beach,1,1
Los Angeles,2,2
Lyndhurst,2,2
Lynn,1,1
Mamaroneck,1,1
Manchester,1,1
Manchester,1,1
Maplewood,1,1
Marlton,1,1
Mays Landing,1,1
McDonough,1,1
McKeesport,1,1
Memphis,1,1
Meriden,2,2
Merrick,1,1
Miami,1,1
Middletown,1,1
Milwaukee,1,1
Minneapolis,2,2
Missouri City,1,1
Monmouth Junction,1,1
Monroe,1,1
Montreal,1,1
Mount Vernon,1,1
Nashville,3,3
Neptune City,1,1
New Brunswick,1,1
New Castle,1,1
New Haven,2,2
New York,141,141
Newark,14,14
Newburgh,1,1
Norristown,1,1
North Bergen,3,3
O'Fallon,1,1
Oakland,1,1
Orlando,1,1
Oroville,3,3
Ottawa,1,1
Paterson,2,2
Peachtree Corners,1,1
Perth Amboy,1,1
Philadelphia,34,34
Piscataway,1,1
Pittsburgh,4,4
Plainfield,2,2
Ponte Vedra Beach,1,1
Port Charlotte,1,1
Port Elizabeth,1,1
Port of Spain,1,1
Pottstown,2,2
Poughkeepsie,1,1
Providence,3,3
Queens,44,44
Richmond,2,2
Ridgewood,1,1
Rincon,1,1
Roanoke,1,1
Rockaway,1,1
Rockville,2,2
Roslyn,1,1
San Antonio,1,1
San Francisco,1,1
San Marcos,1,1
Sanford,1,1
Scarsdale,1,1
Shaker Heights,1,1
Sherman Oaks,1,1
Silver Spring,3,3
Somerset,2,2
Springfield,1,1
Stamford,1,1
State College,1,1
Staten Island,3,3
Sterling Heights,1,1
Stony Brook,1,1
Stratford,1,1
Sydney,1,1
Syracuse,1,1
Tallahassee,3,3
Tampa,1,1
The Bronx,28,28
Tolland,1,1
Trenton,3,3
Tuckerton,1,1
Union,1,1
Union City,1,1
University Park,2,2
Unknown,8,8
Upper Marlboro,1,1
Vallejo,1,1
Wappingers Falls,1,1
Warwick,1,1
Washington,10,10
West Columbia,1,1
West Haven,1,1
West New York,1,1
West Orange,3,3
West Springfield,1,1
Whitsett,1,1
Wilmington,1,1
Yorktown Heights,1,1
Zurich,1,1